% of total 'Counts' by 'Word',,
,,
,Word,Sum of Counts
,weed,0.02%
,vellinga,0.02%
,wtd,0.02%
,trade,0.02%
,volcanic,0.02%
,tradeoffs,0.02%
,wide,0.02%
,trading,0.02%
,variables,0.02%
,traditional,0.02%
,viet,0.02%
,traditionally,0.02%
,warmest,0.02%
,traffic,0.02%
,wet,0.02%
,trail,0.02%
,wiod,0.02%
,trails,0.02%
,zhejiang,0.02%
,trajectories,0.02%
,vecm,0.02%
,transactions,0.02%
,vertical,0.02%
,transboundary,0.02%
,visits,0.02%
,transects,0.02%
,vulnerability,0.02%
,transfers,0.02%
,way,0.02%
,transformation,0.02%
,weight,0.02%
,transformations,0.02%
,whether,0.02%
,transgenic,0.02%
,wilkes,0.02%
,transit,0.02%
,workforces,0.02%
,transition,0.02%
,yields,0.02%
,translation,0.02%
,van,0.02%
,transmission,0.02%
,varieties,0.02%
,transnational,0.02%
,vegetables,0.02%
,transparency,0.02%
,vents,0.02%
,transparent,0.02%
,viability,0.02%
,transpiration,0.02%
,village,0.02%
,transport,0.02%
,vitamin,0.02%
,trash,0.02%
,voluntarily,0.02%
,travel,0.02%
,walton,0.02%
,treatment,0.02%
,waters,0.02%
,treatments,0.02%
,weakly,0.02%
,tree,0.02%
,weekend,0.02%
,trees,0.02%
,wells,0.02%
,tremendous,0.02%
,wheat,0.02%
,trend,0.02%
,whole,0.02%
,trends,0.02%
,wilcove,0.02%
,trial,0.02%
,window,0.02%
,trials,0.02%
,wooden,0.02%
,trigger,0.02%
,worst,0.02%
,triglycerides,0.02%
,yale,0.02%
,trillion,0.02%
,zachman,0.02%
,trip,0.02%
,zone,0.02%
,triple,0.02%
,variability,0.02%
,trips,0.02%
,variation,0.02%
,tropics,0.02%
,vast,0.02%
,tropika,0.02%
,vectors,0.02%
,troposphere,0.02%
,vehicle,0.02%
,tropospheric,0.02%
,venezuela,0.02%
,truck,0.02%
,versatile,0.02%
,trucks,0.02%
,vessel,0.02%
,trunk,0.02%
,victim,0.02%
,trust,0.02%
,vietnam,0.02%
,tss,0.02%
,violations,0.02%
,tuaka,0.02%
,visualize,0.02%
,tube,0.02%
,vocs,0.02%
,tukey,0.02%
,volume,0.02%
,tumefaciens,0.02%
,voters,0.02%
,tuna,0.02%
,wages,0.02%
,turbines,0.02%
,warm,0.02%
,turbo,0.02%
,wastewater,0.02%
,turkey,0.02%
,wave,0.02%
,twentieth,0.02%
,weak,0.02%
,twenty,0.02%
,wealth,0.02%
,twh,0.02%
,week,0.02%
,twice,0.02%
,weeks,0.02%
,twig,0.02%
,weights,0.02%
,type,0.02%
,west,0.02%
,types,0.02%
,wetlands,0.02%
,typical,0.02%
,whereas,0.02%
,typically,0.02%
,white,0.02%
,typologies,0.02%
,whose,0.02%
,typology,0.02%
,wider,0.02%
,uasb,0.02%
,wildfire,0.02%
,uass,0.02%
,willingness,0.02%
,udf,0.02%
,winter,0.02%
,ulawun,0.02%
,witpress,0.02%
,ultimately,0.02%
,workers,0.02%
,ultra,0.02%
,worldwide,0.02%
,unable,0.02%
,wouters,0.02%
,unabsorbed,0.02%
,wtu,0.02%
,unattainable,0.02%
,yearly,0.02%
,unavailability,0.02%
,yogyakarta,0.02%
,unavoidable,0.02%
,zemaitis,0.02%
,uncertain,0.02%
,zinc,0.02%
,uncertainties,0.02%
,TRUE,0.02%
,uncertainty,0.02%
,vapor,0.02%
,unclear,0.02%
,variable,0.02%
,uncommon,0.02%
,variance,0.02%
,uncomplicated,0.02%
,variations,0.02%
,uncomtrade,0.02%
,variety,0.02%
,unconditional,0.02%
,vay,0.02%
,unconformity,0.02%
,vector,0.02%
,uncultivated,0.02%
,vegetable,0.02%
,undeniable,0.02%
,vegetation,0.02%
,undeniably,0.02%
,vehicles,0.02%
,undergone,0.02%
,velocity,0.02%
,underground,0.02%
,ventilation,0.02%
,understandable,0.02%
,verlag,0.02%
,understudy,0.02%
,version,0.02%
,underway,0.02%
,very,0.02%
,underweight,0.02%
,via,0.02%
,undesirable,0.02%
,viable,0.02%
,undesired,0.02%
,victims,0.02%
,undisturbed,0.02%
,vietata,0.02%
,uneaten,0.02%
,view,0.02%
,uneconomic,0.02%
,villages,0.02%
,unfavourable,0.02%
,violence,0.02%
,unfcc,0.02%
,visual,0.02%
,unfccc,0.02%
,vital,0.02%
,unfortunately,0.02%
,vitro,0.02%
,unfriendly,0.02%
,volatile,0.02%
,unhealthy,0.02%
,voltage,0.02%
,unidirectional,0.02%
,volumes,0.02%
,uniform,0.02%
,voluntary,0.02%
,uniformly,0.02%
,vries,0.02%
,union,0.02%
,vulnerable,0.02%
,unique,0.02%
,wall,0.02%
,unit,0.02%
,wanulcas,0.02%
,united,0.02%
,warmer,0.02%
,units,0.02%
,wastepaper,0.02%
,unity,0.02%
,wastewaters,0.02%
,universities,0.02%
,watt,0.02%
,university,0.02%
,waves,0.02%
,unknowns,0.02%
,ways,0.02%
,unless,0.02%
,weakest,0.02%
,unlike,0.02%
,weaknesses,0.02%
,unlikely,0.02%
,weather,0.02%
,unlimited,0.02%
,weeds,0.02%
,unmanned,0.02%
,weekday,0.02%
,unprecedented,0.02%
,weekly,0.02%
,unpredictable,0.02%
,wef,0.02%
,unrestricted,0.02%
,weightings,0.02%
,unstable,0.02%
,welfare,0.02%
,unsuitable,0.02%
,werethe,0.02%
,unsustainable,0.02%
,western,0.02%
,untapped,0.02%
,wetland,0.02%
,until,0.02%
,what,0.02%
,untreated,0.02%
,wheelers,0.02%
,unused,0.02%
,wherein,0.02%
,unusual,0.02%
,whilst,0.02%
,unwilling,0.02%
,who,0.02%
,upcoming,0.02%
,wholesale,0.02%
,updates,0.02%
,why,0.02%
,upi,0.02%
,widely,0.02%
,upon,0.02%
,widespread,0.02%
,upper,0.02%
,wild,0.02%
,upstream,0.02%
,wiley,0.02%
,urban,0.02%
,willing,0.02%
,urbanization,0.02%
,wind,0.02%
,urea,0.02%
,winds,0.02%
,urgency,0.02%
,winters,0.02%
,urgent,0.02%
,without,0.02%
,urgently,0.02%
,women,0.02%
,urophylla,0.02%
,work,0.02%
,usa,0.02%
,workforce,0.02%
,usage,0.02%
,workshops,0.02%
,usd,0.02%
,worse,0.02%
,useful,0.02%
,worth,0.02%
,user,0.02%
,wpp,0.02%
,users,0.02%
,wte,0.02%
,uso,0.02%
,wydawnictwo,0.02%
,usual,0.02%
,yearlong,0.02%
,usually,0.02%
,yet,0.02%
,utilisation,0.02%
,yijun,0.02%
,utility,0.02%
,young,0.02%
,vak,0.02%
,zahra,0.02%
,valid,0.02%
,zero,0.02%
,validation,0.02%
,zimbabwe,0.02%
,validity,0.02%
,zonal,0.02%
,valorization,0.02%
,zones,0.02%
,valuable,0.02%
,tracks,0.02%
,values,0.02%
,textures,0.02%
,table,0.02%
,together,0.02%
,spring,0.02%
,techno,0.02%
,springer,0.02%
,thousand,0.02%
,spss,0.02%
,swot,0.02%
,square,0.02%
,task,0.02%
,squares,0.02%
,tenggara,0.02%
,srac,0.02%
,thermocline,0.02%
,sragen,0.02%
,tilapia,0.02%
,sri,0.02%
,torque,0.02%
,srl,0.02%
,synoptic,0.02%
,ssc,0.02%
,tank,0.02%
,sst,0.02%
,teachers,0.02%
,stability,0.02%
,tempe,0.02%
,stabilization,0.02%
,terrestrial,0.02%
,stable,0.02%
,then,0.02%
,staff,0.02%
,third,0.02%
,stage,0.02%
,thumb,0.02%
,stages,0.02%
,timings,0.02%
,stakeholder,0.02%
,tool,0.02%
,stakeholders,0.02%
,tpr,0.02%
,standard,0.02%
,synergies,0.02%
,standards,0.02%
,synthetic,0.02%
,stanford,0.02%
,takakura,0.02%
,staple,0.02%
,targets,0.02%
,starch,0.02%
,taxes,0.02%
,starvation,0.02%
,technicalities,0.02%
,state,0.02%
,tegal,0.02%
,states,0.02%
,temporally,0.02%
,static,0.02%
,terminals,0.02%
,statically,0.02%
,tests,0.02%
,station,0.02%
,thallassiosira,0.02%
,stations,0.02%
,thereby,0.02%
,statistical,0.02%
,thickness,0.02%
,statistically,0.02%
,thorough,0.02%
,statistics,0.02%
,threefold,0.02%
,status,0.02%
,tier,0.02%
,statute,0.02%
,tim,0.02%
,steadily,0.02%
,tkn,0.02%
,steady,0.02%
,toll,0.02%
,steel,0.02%
,topmost,0.02%
,steep,0.02%
,towards,0.02%
,step,0.02%
,traci,0.02%
,steps,0.02%
,symposium,0.02%
,stepwise,0.02%
,synergy,0.02%
,steric,0.02%
,synthesise,0.02%
,stickler,0.02%
,systematically,0.02%
,stirpat,0.02%
,taiwan,0.02%
,stock,0.02%
,tangerang,0.02%
,stocks,0.02%
,tannery,0.02%
,stocktakes,0.02%
,tariffs,0.02%
,stomach,0.02%
,taxa,0.02%
,stomatal,0.02%
,tdm,0.02%
,stomph,0.02%
,tech,0.02%
,stone,0.02%
,technique,0.02%
,stops,0.02%
,technologies,0.02%
,storage,0.02%
,teknologi,0.02%
,stores,0.02%
,temperatures,0.02%
,stories,0.02%
,ten,0.02%
,storm,0.02%
,tensions,0.02%
,storms,0.02%
,terpenoids,0.02%
,story,0.02%
,terzi,0.02%
,strain,0.02%
,textile,0.02%
,strait,0.02%
,thai,0.02%
,strangely,0.02%
,theme,0.02%
,strapasson,0.02%
,theory,0.02%
,strategic,0.02%
,thermo,0.02%
,strategical,0.02%
,thermosteric,0.02%
,stratosphere,0.02%
,thing,0.02%
,stratospheric,0.02%
,thirteen,0.02%
,straw,0.02%
,though,0.02%
,strength,0.02%
,threat,0.02%
,stress,0.02%
,throughout,0.02%
,stresses,0.02%
,tide,0.02%
,strikes,0.02%
,tiesnamurti,0.02%
,stringent,0.02%
,tiller,0.02%
,stroke,0.02%
,times,0.02%
,strong,0.02%
,tire,0.02%
,stronger,0.02%
,today,0.02%
,strongly,0.02%
,toilets,0.02%
,structural,0.02%
,tonnes,0.02%
,structure,0.02%
,top,0.02%
,structures,0.02%
,topsoil,0.02%
,student,0.02%
,tourism,0.02%
,students,0.02%
,toxic,0.02%
,studi,0.02%
,trace,0.02%
,studies,0.02%
,switzerland,0.02%
,sua,0.02%
,symbolisms,0.02%
,subantarctic,0.02%
,synchronization,0.02%
,subcircular,0.02%
,synergistic,0.02%
,subcritical,0.02%
,syngas,0.02%
,subfactor,0.02%
,synthesis,0.02%
,subject,0.02%
,synthesize,0.02%
,subjective,0.02%
,systematic,0.02%
,subjects,0.02%
,systemic,0.02%
,submergence,0.02%
,tabulation,0.02%
,submission,0.02%
,tajak,0.02%
,submodel,0.02%
,tanah,0.02%
,submodels,0.02%
,tangguh,0.02%
,suboptimally,0.02%
,tanks,0.02%
,subscribers,0.02%
,tapanuli,0.02%
,subsector,0.02%
,tariff,0.02%
,subsequently,0.02%
,tasik,0.02%
,subsidence,0.02%
,tax,0.02%
,subsidies,0.02%
,taxation,0.02%
,subsidy,0.02%
,taylor,0.02%
,substages,0.02%
,tdn,0.02%
,substance,0.02%
,team,0.02%
,substances,0.02%
,technical,0.02%
,substantial,0.02%
,technically,0.02%
,substantially,0.02%
,techniques,0.02%
,substantive,0.02%
,technological,0.02%
,substation,0.02%
,tectona,0.02%
,substitution,0.02%
,teijsmanniodendron,0.02%
,substrate,0.02%
,teluk,0.02%
,substrates,0.02%
,tempeh,0.02%
,subsurface,0.02%
,temporal,0.02%
,success,0.02%
,temporary,0.02%
,successful,0.02%
,tendency,0.02%
,successfully,0.02%
,tens,0.02%
,succession,0.02%
,teragrams,0.02%
,successively,0.02%
,terms,0.02%
,suddenly,0.02%
,terrain,0.02%
,suffers,0.02%
,territory,0.02%
,sufficient,0.02%
,test,0.02%
,sufficiently,0.02%
,teu,0.02%
,sugar,0.02%
,texture,0.02%
,sugarcane,0.02%
,tfc,0.02%
,suggestion,0.02%
,thailand,0.02%
,suggestions,0.02%
,them,0.02%
,suitability,0.02%
,themselves,0.02%
,suitable,0.02%
,theoretical,0.02%
,sulawesi,0.02%
,thereafter,0.02%
,sulfates,0.02%
,thermal,0.02%
,sulfur,0.02%
,thermochemical,0.02%
,sulphur,0.02%
,thermodynamics,0.02%
,sumatra,0.02%
,they,0.02%
,sumatran,0.02%
,thin,0.02%
,sumba,0.02%
,things,0.02%
,sumbawa,0.02%
,thirds,0.02%
,summer,0.02%
,thirty,0.02%
,sums,0.02%
,thoroughly,0.02%
,sunda,0.02%
,thoughts,0.02%
,sunflower,0.02%
,thousands,0.02%
,super,0.02%
,threats,0.02%
,superior,0.02%
,threshold,0.02%
,superstructure,0.02%
,thru,0.02%
,supplementary,0.02%
,tidal,0.02%
,supplier,0.02%
,tidp,0.02%
,supplies,0.02%
,ties,0.02%
,supposedly,0.02%
,tight,0.02%
,suppression,0.02%
,tillage,0.02%
,supriyanto,0.02%
,tilt,0.02%
,surabaya,0.02%
,timber,0.02%
,surakarta,0.02%
,timespan,0.02%
,surface,0.02%
,timor,0.02%
,surfaces,0.02%
,tissue,0.02%
,surplus,0.02%
,tmailc,0.02%
,surpluses,0.02%
,tofu,0.02%
,surroundings,0.02%
,toilet,0.02%
,surveillance,0.02%
,tolerance,0.02%
,survey,0.02%
,tonne,0.02%
,surveys,0.02%
,too,0.02%
,survival,0.02%
,tools,0.02%
,susceptible,0.02%
,topics,0.02%
,sustainably,0.02%
,topography,0.02%
,swails,0.02%
,torch,0.02%
,swamp,0.02%
,totale,0.02%
,swamps,0.02%
,toward,0.02%
,swat,0.02%
,towers,0.02%
,swath,0.02%
,toxicity,0.02%
,swedish,0.02%
,tra,0.02%
,sweet,0.02%
,traceability,0.02%
,swir,0.02%
,spots,0.02%
,switches,0.02%
,simultaneously,0.02%
,sfm,0.02%
,southwest,0.02%
,restriction,0.02%
,shortly,0.02%
,restructure,0.02%
,smallest,0.02%
,retail,0.02%
,seriousness,0.02%
,retailer,0.02%
,shell,0.02%
,retention,0.02%
,silica,0.02%
,retscreen,0.02%
,skewness,0.02%
,reusable,0.02%
,soils,0.02%
,revegetation,0.02%
,special,0.02%
,revenue,0.02%
,seven,0.02%
,revenues,0.02%
,shares,0.02%
,reversible,0.02%
,ships,0.02%
,review,0.02%
,siberia,0.02%
,reviews,0.02%
,simpari,0.02%
,revolution,0.02%
,situations,0.02%
,rhizobium,0.02%
,slope,0.02%
,rhizoryzae,0.02%
,soc,0.02%
,rica,0.02%
,sorbents,0.02%
,rich,0.02%
,spad,0.02%
,richness,0.02%
,spesific,0.02%
,right,0.02%
,services,0.02%
,rigid,0.02%
,severe,0.02%
,rigorous,0.02%
,shadow,0.02%
,rio,0.02%
,sheep,0.02%
,riproduzione,0.02%
,shikoku,0.02%
,risk,0.02%
,short,0.02%
,risks,0.02%
,shrubs,0.02%
,river,0.02%
,sigmoidal,0.02%
,rivers,0.02%
,simapro,0.02%
,rizaludin,0.02%
,simulation,0.02%
,rkd,0.02%
,sites,0.02%
,road,0.02%
,sixth,0.02%
,roadmap,0.02%
,skov,0.02%
,roads,0.02%
,sludge,0.02%
,robust,0.02%
,smes,0.02%
,robusta,0.02%
,society,0.02%
,rock,0.02%
,solutions,0.02%
,roles,0.02%
,southeast,0.02%
,romanian,0.02%
,soybean,0.02%
,roof,0.02%
,spatial,0.02%
,roofs,0.02%
,specifications,0.02%
,room,0.02%
,sport,0.02%
,rooms,0.02%
,sersc,0.02%
,root,0.02%
,settings,0.02%
,roots,0.02%
,seventh,0.02%
,roster,0.02%
,severity,0.02%
,rotation,0.02%
,sgnec,0.02%
,rotations,0.02%
,shallot,0.02%
,rotterdam,0.02%
,sharply,0.02%
,roughly,0.02%
,sheets,0.02%
,roundtable,0.02%
,shift,0.02%
,route,0.02%
,ship,0.02%
,routes,0.02%
,shopping,0.02%
,royal,0.02%
,shortages,0.02%
,rpjmn,0.02%
,shrinkage,0.02%
,rpm,0.02%
,sia,0.02%
,rrna,0.02%
,side,0.02%
,rspo,0.02%
,significance,0.02%
,rubber,0.02%
,silty,0.02%
,rule,0.02%
,similarities,0.02%
,rules,0.02%
,simply,0.02%
,rumah,0.02%
,simulator,0.02%
,ruminant,0.02%
,single,0.02%
,ruminants,0.02%
,situation,0.02%
,runoff,0.02%
,six,0.02%
,rupiah,0.02%
,sizeable,0.02%
,rupiahs,0.02%
,skill,0.02%
,rural,0.02%
,slight,0.02%
,russia,0.02%
,slower,0.02%
,russian,0.02%
,slurry,0.02%
,safe,0.02%
,smallholders,0.02%
,safety,0.02%
,sni,0.02%
,saffir,0.02%
,socialization,0.02%
,sago,0.02%
,socioeconomic,0.02%
,sahara,0.02%
,solids,0.02%
,saharan,0.02%
,somewhat,0.02%
,saharjo,0.02%
,soulatri,0.02%
,sahel,0.02%
,southerly,0.02%
,salak,0.02%
,sox,0.02%
,salatiga,0.02%
,space,0.02%
,sale,0.02%
,span,0.02%
,salinity,0.02%
,spatiotemporal,0.02%
,salt,0.02%
,specifically,0.02%
,salts,0.02%
,speed,0.02%
,sam,0.02%
,spi,0.02%
,samboja,0.02%
,serious,0.02%
,same,0.02%
,serkap,0.02%
,sampean,0.02%
,service,0.02%
,sample,0.02%
,sets,0.02%
,sampler,0.02%
,settlements,0.02%
,samples,0.02%
,seventeen,0.02%
,sanctions,0.02%
,seventy,0.02%
,sands,0.02%
,severely,0.02%
,sap,0.02%
,seward,0.02%
,satellite,0.02%
,sfs,0.02%
,saturation,0.02%
,shade,0.02%
,saudi,0.02%
,shall,0.02%
,savanna,0.02%
,share,0.02%
,savings,0.02%
,sharp,0.02%
,sawn,0.02%
,sheath,0.02%
,sba,0.02%
,sheet,0.02%
,sbt,0.02%
,shelf,0.02%
,scales,0.02%
,shelter,0.02%
,scarce,0.02%
,shifts,0.02%
,schema,0.02%
,shin,0.02%
,scheme,0.02%
,shipment,0.02%
,schemes,0.02%
,shock,0.02%
,scholar,0.02%
,shorea,0.02%
,scholars,0.02%
,shortage,0.02%
,school,0.02%
,shortest,0.02%
,schools,0.02%
,shrimp,0.02%
,science,0.02%
,shrub,0.02%
,sciences,0.02%
,shutters,0.02%
,scientific,0.02%
,siak,0.02%
,scientifically,0.02%
,sick,0.02%
,scopes,0.02%
,siege,0.02%
,scor,0.02%
,signatories,0.02%
,score,0.02%
,silage,0.02%
,scores,0.02%
,silt,0.02%
,scraps,0.02%
,silvicultural,0.02%
,screen,0.02%
,similar,0.02%
,sdg,0.02%
,similarly,0.02%
,sdgs,0.02%
,simple,0.02%
,sdt,0.02%
,simpson,0.02%
,seamless,0.02%
,simulations,0.02%
,seaports,0.02%
,simultaneous,0.02%
,search,0.02%
,singapore,0.02%
,searches,0.02%
,sinks,0.02%
,season,0.02%
,situ,0.02%
,seasonal,0.02%
,situational,0.02%
,seasons,0.02%
,situbondo,0.02%
,seaward,0.02%
,sixteen,0.02%
,seawater,0.02%
,size,0.02%
,second,0.02%
,sizes,0.02%
,secondary,0.02%
,skid,0.02%
,seconds,0.02%
,skilled,0.02%
,secretariat,0.02%
,slag,0.02%
,section,0.02%
,slightly,0.02%
,sectional,0.02%
,slow,0.02%
,sections,0.02%
,slowly,0.02%
,sectoral,0.02%
,sluggish,0.02%
,security,0.02%
,smaller,0.02%
,sediment,0.02%
,smallholder,0.02%
,sediments,0.02%
,smart,0.02%
,seedlings,0.02%
,smrs,0.02%
,seemingly,0.02%
,snowy,0.02%
,seep,0.02%
,social,0.02%
,segment,0.02%
,societies,0.02%
,segments,0.02%
,socio,0.02%
,seismic,0.02%
,software,0.02%
,seismically,0.02%
,solid,0.02%
,select,0.02%
,solution,0.02%
,selection,0.02%
,sometimes,0.02%
,self,0.02%
,sons,0.02%
,sem,0.02%
,sorghum,0.02%
,semarang,0.02%
,south,0.02%
,semi,0.02%
,southeastern,0.02%
,semiconductor,0.02%
,southern,0.02%
,sems,0.02%
,sovereignty,0.02%
,senegalense,0.02%
,soy,0.02%
,sense,0.02%
,soybeans,0.02%
,sensitive,0.02%
,spaces,0.02%
,sensitivity,0.02%
,spain,0.02%
,sensor,0.02%
,spanish,0.02%
,sensors,0.02%
,spatially,0.02%
,sentiment,0.02%
,spb,0.02%
,separation,0.02%
,specific,0.02%
,sepicanus,0.02%
,specification,0.02%
,septic,0.02%
,spectral,0.02%
,sequester,0.02%
,spells,0.02%
,sequestration,0.02%
,sphere,0.02%
,serang,0.02%
,spirulina,0.02%
,serial,0.02%
,rest,0.02%
,series,0.02%
,ref,0.02%
,rail,0.02%
,requirement,0.02%
,popularization,0.02%
,reactivity,0.02%
,population,0.02%
,relationship,0.02%
,populations,0.02%
,quantitative,0.02%
,porong,0.02%
,rape,0.02%
,porosity,0.02%
,recirculation,0.02%
,port,0.02%
,regionally,0.02%
,portion,0.02%
,renewables,0.02%
,portland,0.02%
,resistivity,0.02%
,portlink,0.02%
,questionnaire,0.02%
,position,0.02%
,rainy,0.02%
,positions,0.02%
,rationality,0.02%
,positive,0.02%
,realistic,0.02%
,positively,0.02%
,records,0.02%
,possibilities,0.02%
,refutation,0.02%
,possibility,0.02%
,regulation,0.02%
,possible,0.02%
,reliable,0.02%
,post,0.02%
,reports,0.02%
,postgraduate,0.02%
,residents,0.02%
,potable,0.02%
,response,0.02%
,potato,0.02%
,quarry,0.02%
,potentially,0.02%
,radar,0.02%
,potentials,0.02%
,rainforest,0.02%
,poultry,0.02%
,range,0.02%
,poverty,0.02%
,rates,0.02%
,powder,0.02%
,ray,0.02%
,powerful,0.02%
,readiness,0.02%
,powerplant,0.02%
,reasons,0.02%
,powers,0.02%
,recommendation,0.02%
,prachin,0.02%
,recycle,0.02%
,practicable,0.02%
,reflection,0.02%
,practical,0.02%
,regency,0.02%
,practitioners,0.02%
,regressive,0.02%
,precedents,0.02%
,rehabilitation,0.02%
,precipice,0.02%
,relatives,0.02%
,precipitation,0.02%
,remedial,0.02%
,precise,0.02%
,replacement,0.02%
,precisely,0.02%
,republic,0.02%
,precision,0.02%
,reserves,0.02%
,precursor,0.02%
,resilience,0.02%
,prediction,0.02%
,respective,0.02%
,predictions,0.02%
,responsible,0.02%
,predictive,0.02%
,quantities,0.02%
,predictor,0.02%
,quarters,0.02%
,predominantly,0.02%
,quick,0.02%
,predominately,0.02%
,radius,0.02%
,preferences,0.02%
,rain,0.02%
,preliminary,0.02%
,rains,0.02%
,preparation,0.02%
,random,0.02%
,presence,0.02%
,rankine,0.02%
,presently,0.02%
,rapidly,0.02%
,presents,0.02%
,ratio,0.02%
,preservation,0.02%
,raw,0.02%
,presidential,0.02%
,reaction,0.02%
,press,0.02%
,reactors,0.02%
,pressure,0.02%
,readymix,0.02%
,pressures,0.02%
,realization,0.02%
,presumably,0.02%
,recently,0.02%
,pretty,0.02%
,recognise,0.02%
,prevalence,0.02%
,reconfiguration,0.02%
,prevalent,0.02%
,recovery,0.02%
,prevention,0.02%
,redistribution,0.02%
,previous,0.02%
,refineries,0.02%
,previously,0.02%
,refrigerators,0.02%
,priambodo,0.02%
,regardless,0.02%
,price,0.02%
,regime,0.02%
,priceless,0.02%
,regression,0.02%
,prices,0.02%
,regular,0.02%
,pricing,0.02%
,regulators,0.02%
,primarily,0.02%
,relation,0.02%
,prince,0.02%
,relative,0.02%
,principal,0.02%
,relevant,0.02%
,principally,0.02%
,remarkable,0.02%
,principle,0.02%
,removals,0.02%
,principles,0.02%
,repair,0.02%
,prior,0.02%
,replications,0.02%
,priorities,0.02%
,representative,0.02%
,priority,0.02%
,request,0.02%
,pristine,0.02%
,researcher,0.02%
,private,0.02%
,reservoirs,0.02%
,privilege,0.02%
,residue,0.02%
,pro,0.02%
,resin,0.02%
,probability,0.02%
,resource,0.02%
,probably,0.02%
,respiratory,0.02%
,problem,0.02%
,responsibilities,0.02%
,problematic,0.02%
,quantifies,0.02%
,problems,0.02%
,quantitatively,0.02%
,procedure,0.02%
,quantity,0.02%
,procedures,0.02%
,quarter,0.02%
,processes,0.02%
,question,0.02%
,procurement,0.02%
,questionnaires,0.02%
,producer,0.02%
,quite,0.02%
,producers,0.02%
,radiation,0.02%
,producibility,0.02%
,raikoke,0.02%
,productive,0.02%
,rails,0.02%
,productivity,0.02%
,rainfall,0.02%
,professor,0.02%
,rainforests,0.02%
,profile,0.02%
,rainwater,0.02%
,profiles,0.02%
,ramadan,0.02%
,profit,0.02%
,randomly,0.02%
,profitability,0.02%
,rank,0.02%
,profitable,0.02%
,ranomahera,0.02%
,profitably,0.02%
,rapid,0.02%
,profits,0.02%
,rare,0.02%
,profound,0.02%
,rather,0.02%
,program,0.02%
,rational,0.02%
,programme,0.02%
,ratios,0.02%
,programmes,0.02%
,rawa,0.02%
,programming,0.02%
,raya,0.02%
,programs,0.02%
,reactions,0.02%
,progress,0.02%
,reactor,0.02%
,progressively,0.02%
,readily,0.02%
,projection,0.02%
,ready,0.02%
,projections,0.02%
,real,0.02%
,projects,0.02%
,reality,0.02%
,proklim,0.02%
,reason,0.02%
,prolongation,0.02%
,recent,0.02%
,prominent,0.02%
,recipe,0.02%
,promoter,0.02%
,reclamation,0.02%
,promotes,0.02%
,recognizes,0.02%
,prone,0.02%
,recommendations,0.02%
,proof,0.02%
,record,0.02%
,proper,0.02%
,recover,0.02%
,properly,0.02%
,recreational,0.02%
,properties,0.02%
,red,0.02%
,property,0.02%
,reductions,0.02%
,proponents,0.02%
,reference,0.02%
,proportion,0.02%
,refinery,0.02%
,proportionally,0.02%
,reforestation,0.02%
,proposition,0.02%
,refugia,0.02%
,pros,0.02%
,regard,0.02%
,prospective,0.02%
,regencies,0.02%
,prospects,0.02%
,regents,0.02%
,prosumers,0.02%
,regional,0.02%
,prosym,0.02%
,regions,0.02%
,protection,0.02%
,regressions,0.02%
,providencia,0.02%
,regrowth,0.02%
,providers,0.02%
,regularly,0.02%
,province,0.02%
,regulations,0.02%
,provinces,0.02%
,regulatory,0.02%
,provincial,0.02%
,rejects,0.02%
,provision,0.02%
,relations,0.02%
,provisions,0.02%
,relationships,0.02%
,proxies,0.02%
,relatively,0.02%
,proxy,0.02%
,releases,0.02%
,psf,0.02%
,reliability,0.02%
,psfs,0.02%
,reliance,0.02%
,psychological,0.02%
,remarkably,0.02%
,psychology,0.02%
,removal,0.02%
,public,0.02%
,renders,0.02%
,publication,0.02%
,reorientation,0.02%
,publications,0.02%
,repeatedly,0.02%
,pulo,0.02%
,replicates,0.02%
,pulp,0.02%
,report,0.02%
,pulpwood,0.02%
,representation,0.02%
,puntal,0.02%
,representatives,0.02%
,purchase,0.02%
,reputation,0.02%
,purification,0.02%
,requests,0.02%
,purpose,0.02%
,requirements,0.02%
,purposive,0.02%
,researchers,0.02%
,purposively,0.02%
,reservoir,0.02%
,putra,0.02%
,residential,0.02%
,putri,0.02%
,residual,0.02%
,pvc,0.02%
,residues,0.02%
,pvplanner,0.02%
,resilient,0.02%
,pyrolysis,0.02%
,resistant,0.02%
,pyrometallurgical,0.02%
,resolution,0.02%
,python,0.02%
,respect,0.02%
,qfd,0.02%
,respiration,0.02%
,quadratic,0.02%
,respondents,0.02%
,qualitative,0.02%
,responses,0.02%
,qualsiasi,0.02%
,responsibility,0.02%
,quantificate,0.02%
,poorly,0.02%
,quantification,0.02%
,permission,0.02%
,particles,0.02%
,plots,0.02%
,nms,0.02%
,peats,0.02%
,nmt,0.02%
,photochemical,0.02%
,nmvoc,0.02%
,panicle,0.02%
,noaa,0.02%
,paste,0.02%
,nobody,0.02%
,pepper,0.02%
,nominal,0.02%
,pet,0.02%
,none,0.02%
,pks,0.02%
,nonetheless,0.02%
,polycrystalline,0.02%
,nonfossil,0.02%
,park,0.02%
,noordwijk,0.02%
,partners,0.02%
,nor,0.02%
,patterns,0.02%
,norm,0.02%
,penetration,0.02%
,normal,0.02%
,perfect,0.02%
,normative,0.02%
,perturbations,0.02%
,norms,0.02%
,phenomena,0.02%
,north,0.02%
,physiological,0.02%
,northeast,0.02%
,plans,0.02%
,northern,0.02%
,policymakers,0.02%
,norway,0.02%
,pool,0.02%
,norwegian,0.02%
,parameter,0.02%
,notable,0.02%
,participant,0.02%
,notably,0.02%
,particulate,0.02%
,noteworthy,0.02%
,parziale,0.02%
,nothing,0.02%
,pathway,0.02%
,novel,0.02%
,payback,0.02%
,novelty,0.02%
,pellet,0.02%
,novita,0.02%
,penstock,0.02%
,now,0.02%
,perception,0.02%
,nox,0.02%
,periodic,0.02%
,npk,0.02%
,personale,0.02%
,npp,0.02%
,pest,0.02%
,npv,0.02%
,phaseout,0.02%
,nres,0.02%
,phh,0.02%
,ntfps,0.02%
,photosynthetic,0.02%
,nuance,0.02%
,piles,0.02%
,nuances,0.02%
,plaju,0.02%
,nucifera,0.02%
,platform,0.02%
,nuclear,0.02%
,pmg,0.02%
,numbers,0.02%
,pollutant,0.02%
,numerical,0.02%
,pome,0.02%
,numerous,0.02%
,poorest,0.02%
,nursery,0.02%
,paragraph,0.02%
,nutmeg,0.02%
,parametric,0.02%
,nutrient,0.02%
,partial,0.02%
,nutrients,0.02%
,participation,0.02%
,nutrition,0.02%
,particularly,0.02%
,nutritional,0.02%
,partly,0.02%
,nutritious,0.02%
,parts,0.02%
,nze,0.02%
,passive,0.02%
,obesity,0.02%
,path,0.02%
,object,0.02%
,pati,0.02%
,objective,0.02%
,pavement,0.02%
,objectives,0.02%
,pca,0.02%
,obligation,0.02%
,pedestrian,0.02%
,obligations,0.02%
,pellita,0.02%
,observable,0.02%
,pengkajian,0.02%
,observation,0.02%
,people,0.02%
,observational,0.02%
,percent,0.02%
,observations,0.02%
,perceptron,0.02%
,obstacle,0.02%
,perhutani,0.02%
,obstacles,0.02%
,permanent,0.02%
,obvious,0.02%
,person,0.02%
,obviously,0.02%
,perspectives,0.02%
,occupation,0.02%
,perum,0.02%
,occurrence,0.02%
,pesticides,0.02%
,occurrences,0.02%
,pfp,0.02%
,ocean,0.02%
,phenol,0.02%
,oceans,0.02%
,phenomenon,0.02%
,odd,0.02%
,phosphate,0.02%
,oecd,0.02%
,photon,0.02%
,off,0.02%
,physically,0.02%
,office,0.02%
,pieces,0.02%
,official,0.02%
,pinatubo,0.02%
,offs,0.02%
,places,0.02%
,offshore,0.02%
,planetary,0.02%
,often,0.02%
,plastic,0.02%
,ogb,0.02%
,pln,0.02%
,oils,0.02%
,pltb,0.02%
,oilseed,0.02%
,poachers,0.02%
,old,0.02%
,politics,0.02%
,oleifolia,0.02%
,polluters,0.02%
,oli,0.02%
,polygon,0.02%
,ols,0.02%
,pond,0.02%
,omega,0.02%
,poor,0.02%
,onboard,0.02%
,pangasius,0.02%
,once,0.02%
,papua,0.02%
,ones,0.02%
,paraguay,0.02%
,ongoing,0.02%
,parameters,0.02%
,online,0.02%
,paris,0.02%
,onshore,0.02%
,part,0.02%
,onsite,0.02%
,partially,0.02%
,onto,0.02%
,participants,0.02%
,opec,0.02%
,particle,0.02%
,openings,0.02%
,particular,0.02%
,openlca,0.02%
,particulars,0.02%
,openness,0.02%
,parties,0.02%
,operation,0.02%
,partner,0.02%
,operational,0.02%
,partnerships,0.02%
,operations,0.02%
,party,0.02%
,operators,0.02%
,pas,0.02%
,opinion,0.02%
,past,0.02%
,opportunities,0.02%
,patches,0.02%
,opportunity,0.02%
,paths,0.02%
,opposite,0.02%
,pathways,0.02%
,optical,0.02%
,pattern,0.02%
,optimal,0.02%
,paul,0.02%
,optimally,0.02%
,pavements,0.02%
,optimization,0.02%
,pbc,0.02%
,optimum,0.02%
,peak,0.02%
,option,0.02%
,peaty,0.02%
,optional,0.02%
,peer,0.02%
,options,0.02%
,pellets,0.02%
,ore,0.02%
,penerapan,0.02%
,oreochromis,0.02%
,pengembang,0.02%
,org,0.02%
,peninsula,0.02%
,organically,0.02%
,penumpang,0.02%
,organisation,0.02%
,peoples,0.02%
,organization,0.02%
,perceive,0.02%
,organizational,0.02%
,percentage,0.02%
,organizations,0.02%
,perceptions,0.02%
,origin,0.02%
,perennial,0.02%
,original,0.02%
,perhaps,0.02%
,originality,0.02%
,period,0.02%
,originates,0.02%
,periods,0.02%
,origins,0.02%
,permissible,0.02%
,ortho,0.02%
,persistent,0.02%
,oscillation,0.02%
,personal,0.02%
,osmosis,0.02%
,perspective,0.02%
,osr,0.02%
,pertain,0.02%
,others,0.02%
,peru,0.02%
,otherwise,0.02%
,pesaran,0.02%
,ottv,0.02%
,pesticide,0.02%
,outcomes,0.02%
,pests,0.02%
,outdoor,0.02%
,petroleum,0.02%
,outflows,0.02%
,phase,0.02%
,outlet,0.02%
,phases,0.02%
,outlook,0.02%
,phenological,0.02%
,output,0.02%
,phenomenal,0.02%
,outputs,0.02%
,phev,0.02%
,outset,0.02%
,philippines,0.02%
,outside,0.02%
,phosphor,0.02%
,overall,0.02%
,photogrammetric,0.02%
,overboard,0.02%
,photosynthesis,0.02%
,overestimate,0.02%
,physical,0.02%
,overexploitation,0.02%
,physics,0.02%
,overflow,0.02%
,phytoplankton,0.02%
,overland,0.02%
,pig,0.02%
,overlay,0.02%
,pilot,0.02%
,overly,0.02%
,pipe,0.02%
,overproduced,0.02%
,place,0.02%
,overshoot,0.02%
,plain,0.02%
,overshooters,0.02%
,plan,0.02%
,overview,0.02%
,planners,0.02%
,overweight,0.02%
,plasma,0.02%
,own,0.02%
,plastics,0.02%
,ownership,0.02%
,pledges,0.02%
,oxidant,0.02%
,plot,0.02%
,oxidation,0.02%
,pls,0.02%
,oxidative,0.02%
,plus,0.02%
,oxide,0.02%
,pmn,0.02%
,oxygen,0.02%
,polarimetric,0.02%
,ozone,0.02%
,political,0.02%
,pace,0.02%
,pollen,0.02%
,pacific,0.02%
,pollutants,0.02%
,paddy,0.02%
,poly,0.02%
,pagamento,0.02%
,polyethylene,0.02%
,pakistan,0.02%
,polysaccharides,0.02%
,paleocene,0.02%
,poncosari,0.02%
,palms,0.02%
,pontianak,0.02%
,pancadarma,0.02%
,pools,0.02%
,pandemic,0.02%
,poorer,0.02%
,panel,0.02%
,nizam,0.02%
,panels,0.02%
,movements,0.02%
,minerals,0.02%
,neural,0.02%
,loads,0.02%
,moisture,0.02%
,loam,0.02%
,nardl,0.02%
,lobster,0.02%
,midstream,0.02%
,locally,0.02%
,mobility,0.02%
,locals,0.02%
,moral,0.02%
,locate,0.02%
,multiple,0.02%
,location,0.02%
,ndir,0.02%
,locations,0.02%
,nigeria,0.02%
,loggers,0.02%
,mill,0.02%
,logic,0.02%
,ministry,0.02%
,logical,0.02%
,modification,0.02%
,logistics,0.02%
,monocultures,0.02%
,logs,0.02%
,mostly,0.02%
,lombok,0.02%
,much,0.02%
,longer,0.02%
,mutual,0.02%
,longitudinal,0.02%
,nations,0.02%
,longline,0.02%
,negatively,0.02%
,loop,0.02%
,ngadirejo,0.02%
,loops,0.02%
,nitrite,0.02%
,losari,0.02%
,mild,0.02%
,losses,0.02%
,mind,0.02%
,lot,0.02%
,minimization,0.02%
,lowest,0.02%
,missouri,0.02%
,lowland,0.02%
,moderated,0.02%
,lrc,0.02%
,modular,0.02%
,lsr,0.02%
,monetary,0.02%
,lsrs,0.02%
,monte,0.02%
,lst,0.02%
,morphologically,0.02%
,ltd,0.02%
,motorbike,0.02%
,lucf,0.02%
,mrp,0.02%
,lulucf,0.02%
,multidisciplinary,0.02%
,lusi,0.02%
,multispectral,0.02%
,luxembourg,0.02%
,mycobacterium,0.02%
,machine,0.02%
,nation,0.02%
,machinery,0.02%
,nbr,0.02%
,machines,0.02%
,nearly,0.02%
,mackerel,0.02%
,neither,0.02%
,macroeconomic,0.02%
,nevertheless,0.02%
,mada,0.02%
,nic,0.02%
,madagascar,0.02%
,nine,0.02%
,madura,0.02%
,nitzschia,0.02%
,magnet,0.02%
,migeon,0.02%
,magnitude,0.02%
,military,0.02%
,magnitudes,0.02%
,mills,0.02%
,mahidol,0.02%
,mineral,0.02%
,mainly,0.02%
,mini,0.02%
,maintenance,0.02%
,mining,0.02%
,maize,0.02%
,minutes,0.02%
,majority,0.02%
,mixtures,0.02%
,makassar,0.02%
,models,0.02%
,maker,0.02%
,moderation,0.02%
,makers,0.02%
,modifies,0.02%
,malahayati,0.02%
,moef,0.02%
,malaise,0.02%
,mole,0.02%
,malawi,0.02%
,monocot,0.02%
,malaysia,0.02%
,monoxide,0.02%
,malaysian,0.02%
,monthly,0.02%
,malnutrition,0.02%
,moreover,0.02%
,maluku,0.02%
,mortality,0.02%
,managerial,0.02%
,motivation,0.02%
,manajemen,0.02%
,mounds,0.02%
,mandates,0.02%
,mrf,0.02%
,mandatory,0.02%
,mton,0.02%
,manganese,0.02%
,mulch,0.02%
,mangroves,0.02%
,multimodal,0.02%
,manifest,0.02%
,multipol,0.02%
,mantangai,0.02%
,municipality,0.02%
,manual,0.02%
,mwh,0.02%
,manufacture,0.02%
,nam,0.02%
,manure,0.02%
,narrative,0.02%
,map,0.02%
,nationalistic,0.02%
,mapping,0.02%
,naturally,0.02%
,maps,0.02%
,ndc,0.02%
,maret,0.02%
,neap,0.02%
,marginal,0.02%
,necessity,0.02%
,marine,0.02%
,neighbour,0.02%
,marissa,0.02%
,network,0.02%
,maritime,0.02%
,neutrality,0.02%
,market,0.02%
,next,0.02%
,markets,0.02%
,ngo,0.02%
,masaran,0.02%
,nics,0.02%
,mask,0.02%
,niloticus,0.02%
,maslamani,0.02%
,nitrate,0.02%
,mass,0.02%
,nitrogenous,0.02%
,massif,0.02%
,midpoint,0.02%
,massive,0.02%
,midwest,0.02%
,massively,0.02%
,might,0.02%
,material,0.02%
,mile,0.02%
,materials,0.02%
,milk,0.02%
,mathematical,0.02%
,millions,0.02%
,matlab,0.02%
,min,0.02%
,mato,0.02%
,mine,0.02%
,matran,0.02%
,mineralization,0.02%
,matrices,0.02%
,miners,0.02%
,matrix,0.02%
,minimal,0.02%
,matter,0.02%
,minimum,0.02%
,matters,0.02%
,ministries,0.02%
,max,0.02%
,mint,0.02%
,maximally,0.02%
,mississippi,0.02%
,maximise,0.02%
,mixture,0.02%
,maximum,0.02%
,mmq,0.02%
,mbar,0.02%
,mode,0.02%
,mdg,0.02%
,moderate,0.02%
,mdpi,0.02%
,moderately,0.02%
,meaningful,0.02%
,modern,0.02%
,meanings,0.02%
,modifications,0.02%
,meantime,0.02%
,modis,0.02%
,meanwhile,0.02%
,modulates,0.02%
,measure,0.02%
,moist,0.02%
,measurement,0.02%
,molar,0.02%
,measurements,0.02%
,moment,0.02%
,measures,0.02%
,money,0.02%
,meat,0.02%
,monoculture,0.02%
,mechanical,0.02%
,monograph,0.02%
,mechanisms,0.02%
,monsoon,0.02%
,mechanization,0.02%
,month,0.02%
,media,0.02%
,months,0.02%
,mediator,0.02%
,moratorium,0.02%
,medical,0.02%
,morphological,0.02%
,medicinal,0.02%
,morphology,0.02%
,medium,0.02%
,mosaic,0.02%
,meetings,0.02%
,motion,0.02%
,mega,0.02%
,motor,0.02%
,members,0.02%
,motorcycles,0.02%
,men,0.02%
,movement,0.02%
,merits,0.02%
,mozambique,0.02%
,mesoamerica,0.02%
,mrio,0.02%
,mesophilic,0.02%
,msw,0.02%
,messa,0.02%
,muara,0.02%
,meta,0.02%
,mud,0.02%
,metabarcoding,0.02%
,multicriteria,0.02%
,metals,0.02%
,multifunctional,0.02%
,meteorological,0.02%
,multinational,0.02%
,meteorology,0.02%
,multiplier,0.02%
,meter,0.02%
,multiregional,0.02%
,meters,0.02%
,municipal,0.02%
,methanation,0.02%
,must,0.02%
,methanogenesis,0.02%
,mutually,0.02%
,methanogenic,0.02%
,myanmar,0.02%
,methanol,0.02%
,nadir,0.02%
,methanomassiliicoccaceae,0.02%
,namely,0.02%
,methanosarcinaceae,0.02%
,narration,0.02%
,methanotrophic,0.02%
,narratives,0.02%
,methanotrophs,0.02%
,nationalist,0.02%
,methanotrophy,0.02%
,nationally,0.02%
,methodological,0.02%
,native,0.02%
,methodologically,0.02%
,nature,0.02%
,methodologies,0.02%
,ncv,0.02%
,methodology,0.02%
,ndcs,0.02%
,methods,0.02%
,ndvi,0.02%
,methylotrophicus,0.02%
,near,0.02%
,metres,0.02%
,necessary,0.02%
,metric,0.02%
,necromass,0.02%
,metropolitan,0.02%
,negligible,0.02%
,mexico,0.02%
,neira,0.02%
,mfa,0.02%
,netherlands,0.02%
,mha,0.02%
,networks,0.02%
,mhp,0.02%
,neutral,0.02%
,mhpp,0.02%
,never,0.02%
,mhsnp,0.02%
,newly,0.02%
,micro,0.02%
,nexus,0.02%
,microalgae,0.02%
,ngaju,0.02%
,microbes,0.02%
,niño,0.02%
,microbial,0.02%
,nickel,0.02%
,microcontroller,0.02%
,nies,0.02%
,micronutrient,0.02%
,nighttime,0.02%
,micronutrients,0.02%
,nina,0.02%
,microorganisms,0.02%
,nino,0.02%
,microresistivity,0.02%
,nitrification,0.02%
,microscopy,0.02%
,nitrogen,0.02%
,microstructure,0.02%
,nitrous,0.02%
,middelaar,0.02%
,loadm,0.02%
,middle,0.02%
,larger,0.02%
,kaohsiung,0.02%
,likewise,0.02%
,inferior,0.02%
,koh,0.02%
,infestation,0.02%
,legitimacy,0.02%
,infill,0.02%
,journals,0.02%
,infiltration,0.02%
,kenya,0.02%
,inflation,0.02%
,labour,0.02%
,inflexible,0.02%
,lawrence,0.02%
,inflow,0.02%
,lib,0.02%
,influence,0.02%
,lithuania,0.02%
,influences,0.02%
,jurisdictions,0.02%
,influential,0.02%
,kayu,0.02%
,inform,0.02%
,khon,0.02%
,informa,0.02%
,kupang,0.02%
,informants,0.02%
,landfills,0.02%
,information,0.02%
,latin,0.02%
,infrastructure,0.02%
,leaders,0.02%
,infrastructures,0.02%
,lessen,0.02%
,ingo,0.02%
,light,0.02%
,inhabitants,0.02%
,lines,0.02%
,inherent,0.02%
,livelihoods,0.02%
,inhibitor,0.02%
,judgment,0.02%
,inhibitory,0.02%
,justification,0.02%
,initial,0.02%
,karanganyar,0.02%
,initially,0.02%
,kecamatan,0.02%
,initiates,0.02%
,key,0.02%
,initiation,0.02%
,kingdom,0.02%
,initiative,0.02%
,kphp,0.02%
,initiatives,0.02%
,kwp,0.02%
,injection,0.02%
,lamps,0.02%
,inland,0.02%
,landscapes,0.02%
,inline,0.02%
,later,0.02%
,innovation,0.02%
,laundry,0.02%
,innovations,0.02%
,layouts,0.02%
,innovative,0.02%
,least,0.02%
,inorganic,0.02%
,lens,0.02%
,inpari,0.02%
,leverage,0.02%
,input,0.02%
,lidar,0.02%
,insecurity,0.02%
,lignocellulosic,0.02%
,insertions,0.02%
,limitations,0.02%
,insight,0.02%
,literature,0.02%
,insightful,0.02%
,litterfall,0.02%
,insights,0.02%
,load,0.02%
,insignificant,0.02%
,journeys,0.02%
,insignificantly,0.02%
,jurisdiction,0.02%
,instability,0.02%
,just,0.02%
,installation,0.02%
,kalium,0.02%
,installations,0.02%
,kappa,0.02%
,instalment,0.02%
,karya,0.02%
,instance,0.02%
,kbdi,0.02%
,instances,0.02%
,kennedy,0.02%
,instead,0.02%
,kerosene,0.02%
,institute,0.02%
,khasanah,0.02%
,institution,0.02%
,kilometers,0.02%
,institutional,0.02%
,kmp,0.02%
,institutions,0.02%
,korea,0.02%
,instruction,0.02%
,kragilan,0.02%
,instrument,0.02%
,kva,0.02%
,instrumental,0.02%
,labor,0.02%
,instruments,0.02%
,lake,0.02%
,insufficient,0.02%
,lancet,0.02%
,int,0.02%
,lands,0.02%
,intact,0.02%
,laos,0.02%
,integer,0.02%
,lastly,0.02%
,integrates,0.02%
,latest,0.02%
,integration,0.02%
,latitudes,0.02%
,integrative,0.02%
,lavoisier,0.02%
,integrity,0.02%
,lawu,0.02%
,intelligence,0.02%
,lcd,0.02%
,intelligent,0.02%
,leakage,0.02%
,intense,0.02%
,legalization,0.02%
,intensification,0.02%
,lembang,0.02%
,intensities,0.02%
,lerm,0.02%
,intensity,0.02%
,lessons,0.02%
,intensive,0.02%
,liability,0.02%
,intensively,0.02%
,library,0.02%
,intention,0.02%
,lifespan,0.02%
,intentional,0.02%
,lignin,0.02%
,interaction,0.02%
,likely,0.02%
,interactions,0.02%
,limestones,0.02%
,interannual,0.02%
,limonite,0.02%
,interception,0.02%
,liquid,0.02%
,intercomparison,0.02%
,lithium,0.02%
,intercrop,0.02%
,litre,0.02%
,interdependence,0.02%
,littoral,0.02%
,interdisciplinary,0.02%
,livestock,0.02%
,interest,0.02%
,journal,0.02%
,interesting,0.02%
,journey,0.02%
,interestingly,0.02%
,jpp,0.02%
,interests,0.02%
,juncto,0.02%
,intergovernmental,0.02%
,jurisdictional,0.02%
,interior,0.02%
,jurnal,0.02%
,intermediate,0.02%
,justice,0.02%
,intermittency,0.02%
,kaen,0.02%
,intermittent,0.02%
,kampar,0.02%
,internal,0.02%
,kapal,0.02%
,internationally,0.02%
,kapuas,0.02%
,internet,0.02%
,kartanegara,0.02%
,interpretation,0.02%
,kasim,0.02%
,interpretations,0.02%
,kazakhstan,0.02%
,interregional,0.02%
,kcal,0.02%
,interrelationship,0.02%
,kedaung,0.02%
,intertidal,0.02%
,kenneth,0.02%
,interval,0.02%
,kernel,0.02%
,intervals,0.02%
,kertajaya,0.02%
,intervention,0.02%
,kft,0.02%
,interventions,0.02%
,khg,0.02%
,interview,0.02%
,kilograms,0.02%
,interviews,0.02%
,kinds,0.02%
,inti,0.02%
,kirkpatrick,0.02%
,intrinsic,0.02%
,knowledge,0.02%
,introduces,0.02%
,kong,0.02%
,introduction,0.02%
,kph,0.02%
,inundation,0.02%
,kraay,0.02%
,invasion,0.02%
,krebet,0.02%
,inventories,0.02%
,kuznets,0.02%
,inventory,0.02%
,kwh,0.02%
,inversely,0.02%
,kyushu,0.02%
,investigates,0.02%
,laboratory,0.02%
,investigation,0.02%
,lactobacillus,0.02%
,investment,0.02%
,lamandau,0.02%
,investments,0.02%
,lampung,0.02%
,investors,0.02%
,landcover,0.02%
,involvement,0.02%
,landowners,0.02%
,inward,0.02%
,landscape,0.02%
,inwest,0.02%
,lane,0.02%
,ion,0.02%
,largely,0.02%
,ionisation,0.02%
,last,0.02%
,ions,0.02%
,late,0.02%
,iot,0.02%
,lateral,0.02%
,ipcc,0.02%
,latex,0.02%
,ips,0.02%
,latitude,0.02%
,iran,0.02%
,latter,0.02%
,ireci,0.02%
,laut,0.02%
,irio,0.02%
,law,0.02%
,iron,0.02%
,laws,0.02%
,irr,0.02%
,layer,0.02%
,irregular,0.02%
,lcca,0.02%
,irrespective,0.02%
,lcs,0.02%
,irrigation,0.02%
,leak,0.02%
,isari,0.02%
,leap,0.02%
,islamic,0.02%
,legal,0.02%
,island,0.02%
,legislatively,0.02%
,iso,0.02%
,legume,0.02%
,isolation,0.02%
,length,0.02%
,isopycnal,0.02%
,lenses,0.02%
,ispo,0.02%
,lerp,0.02%
,issue,0.02%
,lesser,0.02%
,italy,0.02%
,levels,0.02%
,item,0.02%
,lfg,0.02%
,items,0.02%
,liable,0.02%
,itself,0.02%
,liberates,0.02%
,jabodetabek,0.02%
,license,0.02%
,jack,0.02%
,lifecycle,0.02%
,jacq,0.02%
,lifetime,0.02%
,jakarta,0.02%
,lights,0.02%
,jaken,0.02%
,lignite,0.02%
,jakenan,0.02%
,like,0.02%
,jam,0.02%
,likert,0.02%
,jamali,0.02%
,limestone,0.02%
,jambi,0.02%
,limitation,0.02%
,japan,0.02%
,limits,0.02%
,japanese,0.02%
,line,0.02%
,jar,0.02%
,linkages,0.02%
,jati,0.02%
,literacy,0.02%
,jawa,0.02%
,liters,0.02%
,jaya,0.02%
,lithocolumn,0.02%
,jeneponto,0.02%
,litigation,0.02%
,jepara,0.02%
,litter,0.02%
,job,0.02%
,little,0.02%
,jobs,0.02%
,livelihood,0.02%
,john,0.02%
,liver,0.02%
,jointly,0.02%
,lng,0.02%
,jonas,0.02%
,inexpensive,0.02%
,jordan,0.02%
,iaeme,0.02%
,holdout,0.02%
,increasingly,0.02%
,fuzzy,0.02%
,huge,0.02%
,fvwmanagement,0.02%
,implication,0.02%
,gadjah,0.02%
,hic,0.02%
,galli,0.02%
,hottest,0.02%
,ganoderma,0.02%
,hydraulic,0.02%
,gap,0.02%
,illegal,0.02%
,gaps,0.02%
,inc,0.02%
,garden,0.02%
,indirect,0.02%
,gaseous,0.02%
,hinges,0.02%
,gasification,0.02%
,hood,0.02%
,gasifier,0.02%
,housing,0.02%
,gasoline,0.02%
,hurricane,0.02%
,gasses,0.02%
,hydrometeorological,0.02%
,gate,0.02%
,idx,0.02%
,gauges,0.02%
,imcg,0.02%
,gaung,0.02%
,imports,0.02%
,gayo,0.02%
,inclusion,0.02%
,gcb,0.02%
,india,0.02%
,gcm,0.02%
,industrialization,0.02%
,gcps,0.02%
,highly,0.02%
,gdp,0.02%
,history,0.02%
,gdrp,0.02%
,home,0.02%
,gebang,0.02%
,horn,0.02%
,gemi,0.02%
,house,0.02%
,gender,0.02%
,hssfcw,0.02%
,gene,0.02%
,hundreds,0.02%
,general,0.02%
,hutama,0.02%
,generalisation,0.02%
,hydrogen,0.02%
,generally,0.02%
,hypophthalmus,0.02%
,generations,0.02%
,ideas,0.02%
,generative,0.02%
,igo,0.02%
,generator,0.02%
,imageries,0.02%
,generators,0.02%
,immune,0.02%
,genetic,0.02%
,importance,0.02%
,genuine,0.02%
,improvement,0.02%
,geographic,0.02%
,incidence,0.02%
,geographical,0.02%
,inconsistent,0.02%
,geographically,0.02%
,independently,0.02%
,geographies,0.02%
,indicator,0.02%
,geography,0.02%
,indragiri,0.02%
,geohazards,0.02%
,inefficient,0.02%
,geological,0.02%
,hierarchical,0.02%
,geometry,0.02%
,hilly,0.02%
,geomorphic,0.02%
,historical,0.02%
,geomorphology,0.02%
,holder,0.02%
,geophysical,0.02%
,holistic,0.02%
,geophysics,0.02%
,honeybee,0.02%
,geopolymer,0.02%
,horizons,0.02%
,geoscience,0.02%
,hot,0.02%
,geospatial,0.02%
,hourly,0.02%
,geothermal,0.02%
,households,0.02%
,geotiff,0.02%
,hpal,0.02%
,gep,0.02%
,hub,0.02%
,germany,0.02%
,humic,0.02%
,ghge,0.02%
,hungary,0.02%
,ghgi,0.02%
,husks,0.02%
,ghgs,0.02%
,hwp,0.02%
,giant,0.02%
,hydrocarbon,0.02%
,gift,0.02%
,hydrological,0.02%
,glaciers,0.02%
,hydrothermal,0.02%
,glass,0.02%
,hypothesise,0.02%
,glimpse,0.02%
,idai,0.02%
,globally,0.02%
,identifies,0.02%
,globe,0.02%
,ifls,0.02%
,gloomy,0.02%
,ijtech,0.02%
,glucan,0.02%
,iluc,0.02%
,gmbh,0.02%
,images,0.02%
,gmdh,0.02%
,immediately,0.02%
,goal,0.02%
,imperative,0.02%
,goals,0.02%
,implicitly,0.02%
,goat,0.02%
,importer,0.02%
,god,0.02%
,improper,0.02%
,goi,0.02%
,inactivity,0.02%
,gold,0.02%
,incentives,0.02%
,goldstein,0.02%
,incineration,0.02%
,good,0.02%
,incomplete,0.02%
,goods,0.02%
,incorporation,0.02%
,google,0.02%
,independence,0.02%
,govermnet,0.02%
,index,0.02%
,governance,0.02%
,indication,0.02%
,governmental,0.02%
,indices,0.02%
,governments,0.02%
,individual,0.02%
,grade,0.02%
,indralaya,0.02%
,gradient,0.02%
,ineffective,0.02%
,gradients,0.02%
,hevs,0.02%
,gradually,0.02%
,hics,0.02%
,grain,0.02%
,hierarchy,0.02%
,grains,0.02%
,hill,0.02%
,grandis,0.02%
,hinder,0.02%
,granger,0.02%
,historic,0.02%
,grant,0.02%
,historically,0.02%
,granular,0.02%
,hohai,0.02%
,grass,0.02%
,holders,0.02%
,gratuita,0.02%
,hole,0.02%
,grave,0.02%
,holistically,0.02%
,grdp,0.02%
,homeowners,0.02%
,great,0.02%
,hong,0.02%
,greater,0.02%
,hope,0.02%
,greatest,0.02%
,horizontal,0.02%
,greatly,0.02%
,host,0.02%
,greedy,0.02%
,hotspot,0.02%
,greener,0.02%
,hour,0.02%
,greenland,0.02%
,hours,0.02%
,greenport,0.02%
,household,0.02%
,gresik,0.02%
,houses,0.02%
,grey,0.02%
,hpa,0.02%
,grid,0.02%
,hsd,0.02%
,grk,0.02%
,htr,0.02%
,gross,0.02%
,hue,0.02%
,grosso,0.02%
,humans,0.02%
,ground,0.02%
,humidity,0.02%
,groundwater,0.02%
,hundredth,0.02%
,group,0.02%
,hunger,0.02%
,groups,0.02%
,husk,0.02%
,growers,0.02%
,husrevoglu,0.02%
,grown,0.02%
,hutan,0.02%
,gruyter,0.02%
,hybrid,0.02%
,gtap,0.02%
,hydro,0.02%
,gton,0.02%
,hydrocarbons,0.02%
,guidance,0.02%
,hydrologic,0.02%
,guideline,0.02%
,hydrometallurgical,0.02%
,guidelines,0.02%
,hydroperiod,0.02%
,guinea,0.02%
,hydroxide,0.02%
,guineensis,0.02%
,hypothesis,0.02%
,gwe,0.02%
,μmol,0.02%
,gwh,0.02%
,ice,0.02%
,gwp,0.02%
,ideal,0.02%
,habitat,0.02%
,identification,0.02%
,habits,0.02%
,idr,0.02%
,hadiwijoyo,0.02%
,ieee,0.02%
,hairiah,0.02%
,ignition,0.02%
,half,0.02%
,iii,0.02%
,halimun,0.02%
,iklh,0.02%
,halo,0.02%
,illicit,0.02%
,halosteric,0.02%
,image,0.02%
,hamlet,0.02%
,imagery,0.02%
,hard,0.02%
,imbalance,0.02%
,harm,0.02%
,immediate,0.02%
,harmful,0.02%
,immense,0.02%
,harmonization,0.02%
,imo,0.02%
,harmony,0.02%
,implementers,0.02%
,harvest,0.02%
,implications,0.02%
,harvestable,0.02%
,import,0.02%
,harvesting,0.02%
,importantly,0.02%
,harvests,0.02%
,importers,0.02%
,haul,0.02%
,impossible,0.02%
,hazard,0.02%
,improperly,0.02%
,hazardous,0.02%
,improvements,0.02%
,hazards,0.02%
,inadequate,0.02%
,haze,0.02%
,incentive,0.02%
,hdg,0.02%
,incentivisation,0.02%
,hdi,0.02%
,incident,0.02%
,hdpe,0.02%
,incinerator,0.02%
,head,0.02%
,income,0.02%
,healthy,0.02%
,inconsistency,0.02%
,heat,0.02%
,inconsistently,0.02%
,heaviest,0.02%
,increases,0.02%
,heavily,0.02%
,incubation,0.02%
,heavy,0.02%
,independent,0.02%
,hectare,0.02%
,inderscience,0.02%
,hectares,0.02%
,indexes,0.02%
,height,0.02%
,indian,0.02%
,heights,0.02%
,indicative,0.02%
,hence,0.02%
,indicators,0.02%
,herbicide,0.02%
,indigenous,0.02%
,herbs,0.02%
,indirectly,0.02%
,herd,0.02%
,individuals,0.02%
,here,0.02%
,indrajaya,0.02%
,herein,0.02%
,inductively,0.02%
,heritage,0.02%
,industries,0.02%
,heterogeneity,0.02%
,inefficiency,0.02%
,heterogeneous,0.02%
,furthermore,0.02%
,heterotrophic,0.02%
,fishery,0.02%
,fanp,0.02%
,francoangeli,0.02%
,elements,0.02%
,fertile,0.02%
,elevation,0.02%
,footprint,0.02%
,elimination,0.02%
,facies,0.02%
,elites,0.02%
,favourable,0.02%
,elsasser,0.02%
,figures,0.02%
,elsevier,0.02%
,fluctuate,0.02%
,elsewhere,0.02%
,formulates,0.02%
,emanations,0.02%
,fulfill,0.02%
,emerald,0.02%
,factories,0.02%
,emits,0.02%
,farmhouse,0.02%
,emitter,0.02%
,fee,0.02%
,emitters,0.02%
,fewc,0.02%
,emmissions,0.02%
,firebase,0.02%
,empirical,0.02%
,fleets,0.02%
,empirically,0.02%
,fmols,0.02%
,employment,0.02%
,formal,0.02%
,empty,0.02%
,fourteen,0.02%
,enc,0.02%
,fresh,0.02%
,encompass,0.02%
,funding,0.02%
,encroachment,0.02%
,facilities,0.02%
,end,0.02%
,failures,0.02%
,endeavours,0.02%
,far,0.02%
,endogenous,0.02%
,fastest,0.02%
,energetically,0.02%
,feasible,0.02%
,energies,0.02%
,feedstock,0.02%
,enforcement,0.02%
,fertilization,0.02%
,engagement,0.02%
,fiber,0.02%
,engine,0.02%
,financial,0.02%
,engineer,0.02%
,firms,0.02%
,engineering,0.02%
,flakes,0.02%
,engineers,0.02%
,floor,0.02%
,engines,0.02%
,fluidization,0.02%
,enhancement,0.02%
,followup,0.02%
,enms,0.02%
,foreign,0.02%
,enormous,0.02%
,formic,0.02%
,enrich,0.02%
,forum,0.02%
,ensemble,0.02%
,frames,0.02%
,ensembles,0.02%
,frel,0.02%
,enso,0.02%
,fruit,0.02%
,enteric,0.02%
,fumes,0.02%
,enterprises,0.02%
,furnace,0.02%
,entire,0.02%
,facilitates,0.02%
,entirely,0.02%
,fact,0.02%
,entrepreneurs,0.02%
,facts,0.02%
,entropy,0.02%
,fairly,0.02%
,entry,0.02%
,fao,0.02%
,envelopment,0.02%
,farmer,0.02%
,environmentalists,0.02%
,farther,0.02%
,environmentally,0.02%
,fatmawati,0.02%
,environments,0.02%
,fears,0.02%
,enzyme,0.02%
,features,0.02%
,epa,0.02%
,feed,0.02%
,episode,0.02%
,fermentation,0.02%
,episodes,0.02%
,fertilisers,0.02%
,equal,0.02%
,fertilizers,0.02%
,equally,0.02%
,ffb,0.02%
,equation,0.02%
,fifteen,0.02%
,equations,0.02%
,finally,0.02%
,equator,0.02%
,fine,0.02%
,equilibrium,0.02%
,firm,0.02%
,equip,0.02%
,fisheries,0.02%
,equipment,0.02%
,fitting,0.02%
,equitable,0.02%
,flats,0.02%
,equivalent,0.02%
,flood,0.02%
,equivalents,0.02%
,flores,0.02%
,era,0.02%
,flue,0.02%
,erratic,0.02%
,flux,0.02%
,error,0.02%
,fog,0.02%
,errors,0.02%
,foods,0.02%
,eruption,0.02%
,force,0.02%
,eruptions,0.02%
,forestry,0.02%
,erythrina,0.02%
,format,0.02%
,escalates,0.02%
,formula,0.02%
,escalation,0.02%
,forth,0.02%
,essential,0.02%
,fossils,0.02%
,establishment,0.02%
,fraction,0.02%
,estates,0.02%
,france,0.02%
,estimation,0.02%
,freely,0.02%
,eta,0.02%
,frequent,0.02%
,etc,0.02%
,friendly,0.02%
,ethanol,0.02%
,fugitive,0.02%
,ethiopia,0.02%
,fully,0.02%
,ethylene,0.02%
,functions,0.02%
,eua,0.02%
,fungi,0.02%
,eucalyptus,0.02%
,extremely,0.02%
,europe,0.02%
,facilitate,0.02%
,european,0.02%
,facilitation,0.02%
,eutrophication,0.02%
,facility,0.02%
,evaluates,0.02%
,factorial,0.02%
,evaluation,0.02%
,factory,0.02%
,evaluations,0.02%
,faculty,0.02%
,evaluative,0.02%
,fair,0.02%
,evaporation,0.02%
,family,0.02%
,even,0.02%
,fans,0.02%
,evenly,0.02%
,faostat,0.02%
,event,0.02%
,farm,0.02%
,events,0.02%
,farmers,0.02%
,eventually,0.02%
,farms,0.02%
,ever,0.02%
,faster,0.02%
,every,0.02%
,fatalities,0.02%
,everyday,0.02%
,faults,0.02%
,everyone,0.02%
,fccp,0.02%
,evidence,0.02%
,feasibility,0.02%
,evident,0.02%
,feature,0.02%
,evoke,0.02%
,fed,0.02%
,evolution,0.02%
,feebate,0.02%
,exacerbate,0.02%
,feedback,0.02%
,examination,0.02%
,feedstocks,0.02%
,examines,0.02%
,ferries,0.02%
,example,0.02%
,fertilisation,0.02%
,examples,0.02%
,fertility,0.02%
,excellent,0.02%
,fertilizer,0.02%
,except,0.02%
,few,0.02%
,excess,0.02%
,fewer,0.02%
,excessive,0.02%
,fgd,0.02%
,exchange,0.02%
,ficus,0.02%
,exchangers,0.02%
,fifth,0.02%
,exchanges,0.02%
,final,0.02%
,exclusive,0.02%
,finance,0.02%
,exemptions,0.02%
,findings,0.02%
,exergy,0.02%
,finer,0.02%
,exerts,0.02%
,firewood,0.02%
,exhibits,0.02%
,firmly,0.02%
,exiobase,0.02%
,fish,0.02%
,existence,0.02%
,fishermen,0.02%
,exogenous,0.02%
,fit,0.02%
,expanses,0.02%
,five,0.02%
,expansion,0.02%
,flammable,0.02%
,expansive,0.02%
,fleet,0.02%
,expectancy,0.02%
,flexible,0.02%
,expectations,0.02%
,floods,0.02%
,expedite,0.02%
,florence,0.02%
,expenditure,0.02%
,flowability,0.02%
,expenditures,0.02%
,fluctuations,0.02%
,expensive,0.02%
,fluid,0.02%
,experiences,0.02%
,fluids,0.02%
,experiment,0.02%
,fma,0.02%
,experimental,0.02%
,focal,0.02%
,experimentally,0.02%
,foliage,0.02%
,experiments,0.02%
,folu,0.02%
,expert,0.02%
,foot,0.02%
,experts,0.02%
,footprints,0.02%
,explanation,0.02%
,forecasts,0.02%
,explanatory,0.02%
,forestation,0.02%
,explicit,0.02%
,forma,0.02%
,explicitly,0.02%
,formaldehyde,0.02%
,exploitation,0.02%
,formation,0.02%
,exploration,0.02%
,forms,0.02%
,explorative,0.02%
,formulas,0.02%
,exploratory,0.02%
,fort,0.02%
,explores,0.02%
,fortunately,0.02%
,explosion,0.02%
,forward,0.02%
,exponential,0.02%
,four,0.02%
,exponentially,0.02%
,fourth,0.02%
,export,0.02%
,frame,0.02%
,exporter,0.02%
,frameworks,0.02%
,exports,0.02%
,francis,0.02%
,exposure,0.02%
,free,0.02%
,expression,0.02%
,freight,0.02%
,extension,0.02%
,frequency,0.02%
,extensions,0.02%
,frequently,0.02%
,extensive,0.02%
,freshwater,0.02%
,extensively,0.02%
,fronds,0.02%
,extent,0.02%
,fuelwood,0.02%
,external,0.02%
,fulfil,0.02%
,externalities,0.02%
,full,0.02%
,extinction,0.02%
,fulvic,0.02%
,extinctions,0.02%
,function,0.02%
,extra,0.02%
,fundamental,0.02%
,extracellular,0.02%
,funds,0.02%
,extraction,0.02%
,funnel,0.02%
,extrapolation,0.02%
,element,0.02%
,extreme,0.02%
,drastically,0.02%
,discrepancies,0.02%
,effettuata,0.02%
,crown,0.02%
,division,0.02%
,crucial,0.02%
,easier,0.02%
,crucially,0.02%
,directions,0.02%
,crude,0.02%
,distances,0.02%
,crumb,0.02%
,don,0.02%
,crusher,0.02%
,dummy,0.02%
,crushers,0.02%
,economies,0.02%
,crust,0.02%
,ekman,0.02%
,cryosphere,0.02%
,disasters,0.02%
,csc,0.02%
,displacements,0.02%
,csp,0.02%
,district,0.02%
,csr,0.02%
,domain,0.02%
,cssa,0.02%
,downstream,0.02%
,cssfv,0.02%
,drop,0.02%
,cuba,0.02%
,dynamic,0.02%
,cubic,0.02%
,ecological,0.02%
,cucumber,0.02%
,educational,0.02%
,cultivar,0.02%
,efforts,0.02%
,cultivars,0.02%
,electrification,0.02%
,cultural,0.02%
,dirty,0.02%
,culture,0.02%
,disclosure,0.02%
,cumulative,0.02%
,diseases,0.02%
,curb,0.02%
,disregard,0.02%
,currently,0.02%
,distinguishes,0.02%
,curriculum,0.02%
,divergent,0.02%
,curtin,0.02%
,document,0.02%
,cuttings,0.02%
,dominance,0.02%
,cwr,0.02%
,dorian,0.02%
,cws,0.02%
,drainability,0.02%
,cycles,0.02%
,driver,0.02%
,cyclones,0.02%
,drylands,0.02%
,cylinder,0.02%
,duty,0.02%
,cyprinus,0.02%
,early,0.02%
,daily,0.02%
,eastern,0.02%
,dairy,0.02%
,econometric,0.02%
,dam,0.02%
,ecotoxicity,0.02%
,damage,0.02%
,effective,0.02%
,damages,0.02%
,efficiently,0.02%
,dan,0.02%
,eight,0.02%
,danger,0.02%
,elasticity,0.02%
,dap,0.02%
,electronics,0.02%
,database,0.02%
,directly,0.02%
,datasets,0.02%
,disappointing,0.02%
,date,0.02%
,discard,0.02%
,david,0.02%
,discolor,0.02%
,day,0.02%
,discussions,0.02%
,dayak,0.02%
,dispersive,0.02%
,days,0.02%
,disposizione,0.02%
,dbh,0.02%
,dissonant,0.02%
,dbl,0.02%
,distinct,0.02%
,dcri,0.02%
,distributions,0.02%
,dea,0.02%
,disturbance,0.02%
,deadliest,0.02%
,diversification,0.02%
,deal,0.02%
,dndc,0.02%
,dearth,0.02%
,documents,0.02%
,death,0.02%
,domestic,0.02%
,deaths,0.02%
,dominantly,0.02%
,debris,0.02%
,doomsday,0.02%
,decade,0.02%
,down,0.02%
,decades,0.02%
,dpbm,0.02%
,decar,0.02%
,dramatic,0.02%
,decarbonization,0.02%
,drier,0.02%
,decision,0.02%
,drives,0.02%
,decisions,0.02%
,droughts,0.02%
,decks,0.02%
,dsr,0.02%
,declaration,0.02%
,duration,0.02%
,declarations,0.02%
,dwellers,0.02%
,decline,0.02%
,dynamics,0.02%
,decomposability,0.02%
,earthquake,0.02%
,decomposable,0.02%
,easily,0.02%
,decomposition,0.02%
,eco,0.02%
,decreases,0.02%
,ecology,0.02%
,dedicated,0.02%
,economically,0.02%
,deep,0.02%
,ecosystem,0.02%
,deeper,0.02%
,eds,0.02%
,default,0.02%
,eesti,0.02%
,defense,0.02%
,effectiveness,0.02%
,deficiencies,0.02%
,efficiencies,0.02%
,deficit,0.02%
,effluents,0.02%
,deficits,0.02%
,eggs,0.02%
,definition,0.02%
,either,0.02%
,defra,0.02%
,elastic,0.02%
,defrays,0.02%
,electric,0.02%
,degradations,0.02%
,electron,0.02%
,degrades,0.02%
,direction,0.02%
,degree,0.02%
,directive,0.02%
,degrees,0.02%
,directors,0.02%
,delay,0.02%
,disadvantages,0.02%
,delivery,0.02%
,disaster,0.02%
,demands,0.02%
,disastrous,0.02%
,democratic,0.02%
,discernible,0.02%
,demonstration,0.02%
,disclosures,0.02%
,denialism,0.02%
,discount,0.02%
,denialist,0.02%
,discussion,0.02%
,denitrification,0.02%
,disease,0.02%
,dense,0.02%
,dispersal,0.02%
,densely,0.02%
,displacement,0.02%
,denser,0.02%
,disposal,0.02%
,densification,0.02%
,dispossession,0.02%
,densities,0.02%
,dissemination,0.02%
,density,0.02%
,distance,0.02%
,department,0.02%
,distant,0.02%
,dependable,0.02%
,distinctive,0.02%
,dependence,0.02%
,distribution,0.02%
,dependencies,0.02%
,distributors,0.02%
,dependency,0.02%
,districts,0.02%
,dependent,0.02%
,diurnal,0.02%
,deplete,0.02%
,diverse,0.02%
,depletion,0.02%
,diversity,0.02%
,deployment,0.02%
,dna,0.02%
,depok,0.02%
,doc,0.02%
,deposition,0.02%
,documentation,0.02%
,depositional,0.02%
,dollars,0.02%
,deposits,0.02%
,domes,0.02%
,depression,0.02%
,domestically,0.02%
,depth,0.02%
,dominant,0.02%
,derivation,0.02%
,dominates,0.02%
,derivative,0.02%
,donor,0.02%
,derivatives,0.02%
,door,0.02%
,desalination,0.02%
,doses,0.02%
,description,0.02%
,downhole,0.02%
,descriptive,0.02%
,dozen,0.02%
,designs,0.02%
,dpsir,0.02%
,desirable,0.02%
,drainage,0.02%
,desk,0.02%
,drastic,0.02%
,despite,0.02%
,dream,0.02%
,destination,0.02%
,driscoll,0.02%
,destruction,0.02%
,drivers,0.02%
,detail,0.02%
,drone,0.02%
,detection,0.02%
,drought,0.02%
,deter,0.02%
,dry,0.02%
,deterioration,0.02%
,dryness,0.02%
,determinants,0.02%
,dual,0.02%
,determination,0.02%
,dunlap,0.02%
,detrimental,0.02%
,dust,0.02%
,devalue,0.02%
,dvi,0.02%
,devastating,0.02%
,dwellings,0.02%
,devastation,0.02%
,dynamically,0.02%
,developers,0.02%
,earlier,0.02%
,developments,0.02%
,earth,0.02%
,deviation,0.02%
,ease,0.02%
,deviations,0.02%
,easiest,0.02%
,device,0.02%
,east,0.02%
,devices,0.02%
,easy,0.02%
,dewi,0.02%
,ecoinvent,0.02%
,diagnosis,0.02%
,ecologically,0.02%
,dicot,0.02%
,econjournals,0.02%
,diesel,0.02%
,economical,0.02%
,diet,0.02%
,economics,0.02%
,dietary,0.02%
,economist,0.02%
,diets,0.02%
,ecosystems,0.02%
,difference,0.02%
,edge,0.02%
,differences,0.02%
,education,0.02%
,difficult,0.02%
,edx,0.02%
,difficulties,0.02%
,efb,0.02%
,difficulty,0.02%
,effectively,0.02%
,diffraction,0.02%
,effects,0.02%
,digester,0.02%
,efficacy,0.02%
,digesters,0.02%
,efficient,0.02%
,digestion,0.02%
,effluent,0.02%
,digital,0.02%
,effort,0.02%
,digitization,0.02%
,egg,0.02%
,dilemma,0.02%
,ehrlich,0.02%
,dimension,0.02%
,eighth,0.02%
,dimensional,0.02%
,eiu,0.02%
,dimensions,0.02%
,elaeis,0.02%
,dinosaurs,0.02%
,elasticities,0.02%
,dioscorea,0.02%
,elections,0.02%
,diospyros,0.02%
,electrical,0.02%
,dioxides,0.02%
,electrolysis,0.02%
,diplomatic,0.02%
,electronic,0.02%
,dipole,0.02%
,crossflow,0.02%
,dire,0.02%
,constraints,0.02%
,comprises,0.02%
,costly,0.02%
,carrier,0.02%
,conflict,0.02%
,cars,0.02%
,convenient,0.02%
,cases,0.02%
,completely,0.02%
,cash,0.02%
,conclusion,0.02%
,cassava,0.02%
,consequential,0.02%
,cast,0.02%
,continental,0.02%
,cat,0.02%
,corn,0.02%
,catalyst,0.02%
,credit,0.02%
,catamaran,0.02%
,composition,0.02%
,catastrophe,0.02%
,concept,0.02%
,catastrophic,0.02%
,conditions,0.02%
,catchment,0.02%
,consciousness,0.02%
,categories,0.02%
,consistently,0.02%
,categorise,0.02%
,containerization,0.02%
,categorizes,0.02%
,contrast,0.02%
,category,0.02%
,cooperation,0.02%
,caterpillar,0.02%
,corresponds,0.02%
,cattle,0.02%
,cows,0.02%
,causal,0.02%
,criticism,0.02%
,causality,0.02%
,compliance,0.02%
,ccr,0.02%
,compounds,0.02%
,ccs,0.02%
,conceivable,0.02%
,ccu,0.02%
,concern,0.02%
,cdp,0.02%
,concurrently,0.02%
,cell,0.02%
,conference,0.02%
,cells,0.02%
,congress,0.02%
,celsius,0.02%
,consent,0.02%
,cement,0.02%
,consideration,0.02%
,cementitious,0.02%
,constantly,0.02%
,cements,0.02%
,consumers,0.02%
,cent,0.02%
,context,0.02%
,center,0.02%
,continuously,0.02%
,centers,0.02%
,control,0.02%
,central,0.02%
,conversely,0.02%
,centre,0.02%
,copper,0.02%
,centrifuge,0.02%
,correction,0.02%
,century,0.02%
,corruption,0.02%
,cepu,0.02%
,course,0.02%
,certain,0.02%
,cpp,0.02%
,certainly,0.02%
,crisis,0.02%
,certainty,0.02%
,crops,0.02%
,certificate,0.02%
,complexes,0.02%
,certification,0.02%
,components,0.02%
,cesm,0.02%
,compost,0.02%
,cessation,0.02%
,comprehensively,0.02%
,cfp,0.02%
,computable,0.02%
,cfs,0.02%
,concentrates,0.02%
,cge,0.02%
,concepts,0.02%
,chain,0.02%
,concession,0.02%
,chains,0.02%
,concrete,0.02%
,challenge,0.02%
,condenser,0.02%
,chamber,0.02%
,conduit,0.02%
,chambers,0.02%
,configuration,0.02%
,champion,0.02%
,congestion,0.02%
,chan,0.02%
,connections,0.02%
,channel,0.02%
,consecutively,0.02%
,channels,0.02%
,consequences,0.02%
,characteristic,0.02%
,considerable,0.02%
,characterization,0.02%
,consistency,0.02%
,charcoal,0.02%
,consortium,0.02%
,charnes,0.02%
,constituents,0.02%
,chartacea,0.02%
,constructions,0.02%
,cheap,0.02%
,contact,0.02%
,cheaper,0.02%
,contamination,0.02%
,checklist,0.02%
,contextualising,0.02%
,chemical,0.02%
,continuity,0.02%
,chemicals,0.02%
,contracts,0.02%
,chemistry,0.02%
,contributor,0.02%
,chicken,0.02%
,controversial,0.02%
,china,0.02%
,conventional,0.02%
,chlorophyll,0.02%
,cookstoves,0.02%
,chm,0.02%
,copenhagen,0.02%
,choice,0.02%
,cordex,0.02%
,choices,0.02%
,corporate,0.02%
,chromatography,0.02%
,correlative,0.02%
,chronic,0.02%
,corrosion,0.02%
,chronological,0.02%
,costa,0.02%
,cibinong,0.02%
,council,0.02%
,ciherang,0.02%
,coverage,0.02%
,cilacap,0.02%
,cplex,0.02%
,circuit,0.02%
,crd,0.02%
,circular,0.02%
,crenarchaeota,0.02%
,circulation,0.02%
,criteria,0.02%
,circumstance,0.02%
,croatia,0.02%
,circumstances,0.02%
,complete,0.02%
,cities,0.02%
,complex,0.02%
,citizen,0.02%
,complexity,0.02%
,civil,0.02%
,component,0.02%
,civilization,0.02%
,composite,0.02%
,clarifies,0.02%
,compositions,0.02%
,clarity,0.02%
,compound,0.02%
,class,0.02%
,comprehensive,0.02%
,classes,0.02%
,compressors,0.02%
,classification,0.02%
,compulsory,0.02%
,clauses,0.02%
,con,0.02%
,clay,0.02%
,conceivably,0.02%
,clear,0.02%
,concentrations,0.02%
,clearly,0.02%
,conceptions,0.02%
,climates,0.02%
,conceptual,0.02%
,climatic,0.02%
,concerns,0.02%
,climatological,0.02%
,concessions,0.02%
,climatology,0.02%
,conclusions,0.02%
,clis,0.02%
,concretization,0.02%
,closely,0.02%
,condensate,0.02%
,closer,0.02%
,conditional,0.02%
,clouds,0.02%
,conductance,0.02%
,clt,0.02%
,conduits,0.02%
,clusters,0.02%
,confidence,0.02%
,cml,0.02%
,configurations,0.02%
,coals,0.02%
,conflicts,0.02%
,coarse,0.02%
,congo,0.02%
,coastal,0.02%
,connection,0.02%
,coastline,0.02%
,cons,0.02%
,coasts,0.02%
,consecutive,0.02%
,cobalt,0.02%
,consensus,0.02%
,cocoa,0.02%
,consequence,0.02%
,cocos,0.02%
,consequent,0.02%
,code,0.02%
,consequently,0.02%
,coefficients,0.02%
,considerably,0.02%
,coffea,0.02%
,considerations,0.02%
,coffee,0.02%
,consistent,0.02%
,coincide,0.02%
,consolidation,0.02%
,cointegration,0.02%
,constant,0.02%
,cold,0.02%
,constituent,0.02%
,collaboration,0.02%
,constitution,0.02%
,collapse,0.02%
,construction,0.02%
,collection,0.02%
,consumer,0.02%
,collective,0.02%
,consumptions,0.02%
,collectively,0.02%
,container,0.02%
,colombia,0.02%
,containers,0.02%
,colonies,0.02%
,contents,0.02%
,column,0.02%
,contexts,0.02%
,columns,0.02%
,continent,0.02%
,combat,0.02%
,continuation,0.02%
,combination,0.02%
,continuous,0.02%
,combinations,0.02%
,contraction,0.02%
,combustion,0.02%
,contrary,0.02%
,comfort,0.02%
,contributions,0.02%
,comfortable,0.02%
,contributors,0.02%
,commercial,0.02%
,controllable,0.02%
,commercialization,0.02%
,controversy,0.02%
,commercially,0.02%
,convention,0.02%
,commission,0.02%
,conventionally,0.02%
,commissioners,0.02%
,converts,0.02%
,commitment,0.02%
,cooper,0.02%
,commitments,0.02%
,coordination,0.02%
,committee,0.02%
,copia,0.02%
,committees,0.02%
,copyright,0.02%
,commodities,0.02%
,core,0.02%
,commodity,0.02%
,corpora,0.02%
,common,0.02%
,corporations,0.02%
,commonly,0.02%
,correlation,0.02%
,commonwealth,0.02%
,correspondingly,0.02%
,communication,0.02%
,corridors,0.02%
,communications,0.02%
,corrosive,0.02%
,communities,0.02%
,cosmetics,0.02%
,commute,0.02%
,costliest,0.02%
,commuters,0.02%
,costs,0.02%
,compaction,0.02%
,counterproductive,0.02%
,company,0.02%
,covariance,0.02%
,comparable,0.02%
,cow,0.02%
,comparative,0.02%
,cpf,0.02%
,comparatively,0.02%
,cpo,0.02%
,comparison,0.02%
,cradle,0.02%
,compartment,0.02%
,creation,0.02%
,compendium,0.02%
,creditable,0.02%
,compensations,0.02%
,crepe,0.02%
,competition,0.02%
,crista,0.02%
,competitive,0.02%
,critically,0.02%
,competitors,0.02%
,criticsm,0.02%
,compiles,0.02%
,crop,0.02%
,complement,0.02%
,carp,0.02%
,complementary,0.02%
,bintangur,0.02%
,auto,0.02%
,camera,0.02%
,february,0.02%
,baseline,0.02%
,march,0.02%
,bottom,0.02%
,april,0.02%
,assumption,0.02%
,june,0.02%
,bali,0.02%
,july,0.02%
,beliefs,0.02%
,august,0.02%
,bioreactor,0.02%
,september,0.02%
,bureau,0.02%
,october,0.02%
,capital,0.02%
,december,0.02%
,attractive,0.02%
,sun,0.02%
,awd,0.02%
,abatement,0.02%
,bank,0.02%
,ability,0.02%
,before,0.02%
,abiotic,0.02%
,bev,0.02%
,able,0.02%
,biofuel,0.02%
,above,0.02%
,boat,0.02%
,aboveground,0.02%
,brunei,0.02%
,abr,0.02%
,calculations,0.02%
,abroad,0.02%
,canola,0.02%
,absence,0.02%
,carefully,0.02%
,absorption,0.02%
,attempt,0.02%
,abundance,0.02%
,audit,0.02%
,abundant,0.02%
,availability,0.02%
,acacia,0.02%
,bacterial,0.02%
,academic,0.02%
,banda,0.02%
,academics,0.02%
,barriers,0.02%
,academy,0.02%
,basis,0.02%
,acceleration,0.02%
,behaviour,0.02%
,acceptance,0.02%
,besides,0.02%
,access,0.02%
,bilateral,0.02%
,accordance,0.02%
,bioeconomy,0.02%
,account,0.02%
,biology,0.02%
,accounts,0.02%
,blue,0.02%
,accumulation,0.02%
,bond,0.02%
,accuracy,0.02%
,bpeo,0.02%
,accurate,0.02%
,buildings,0.02%
,accurately,0.02%
,businesses,0.02%
,aceh,0.02%
,calories,0.02%
,acid,0.02%
,canadian,0.02%
,acidification,0.02%
,capability,0.02%
,acm,0.02%
,carbohydrate,0.02%
,acrs,0.02%
,carlo,0.02%
,action,0.02%
,atmospheric,0.02%
,actions,0.02%
,attention,0.02%
,active,0.02%
,attributes,0.02%
,actively,0.02%
,author,0.02%
,activists,0.02%
,automotive,0.02%
,activity,0.02%
,avoidance,0.02%
,actor,0.02%
,background,0.02%
,actors,0.02%
,balance,0.02%
,actual,0.02%
,ban,0.02%
,adaptation,0.02%
,bands,0.02%
,addition,0.02%
,banks,0.02%
,additional,0.02%
,base,0.02%
,additionally,0.02%
,basic,0.02%
,address,0.02%
,battery,0.02%
,adequate,0.02%
,behavioral,0.02%
,adhesive,0.02%
,being,0.02%
,adin,0.02%
,beneficial,0.02%
,adjacent,0.02%
,better,0.02%
,adjustment,0.02%
,big,0.02%
,administrative,0.02%
,billion,0.02%
,adoption,0.02%
,biodiversitas,0.02%
,advantage,0.02%
,bioenergy,0.02%
,advantages,0.02%
,biogenic,0.02%
,adverse,0.02%
,biominigen,0.02%
,aeration,0.02%
,bituminous,0.02%
,aerenchyma,0.02%
,bmkg,0.02%
,aerial,0.02%
,body,0.02%
,aerosols,0.02%
,borneo,0.02%
,africa,0.02%
,boundary,0.02%
,african,0.02%
,brebes,0.02%
,after,0.02%
,budget,0.02%
,against,0.02%
,bunch,0.02%
,agb,0.02%
,bus,0.02%
,agc,0.02%
,calcium,0.02%
,age,0.02%
,callophylum,0.02%
,agencies,0.02%
,calorimeter,0.02%
,agency,0.02%
,campus,0.02%
,agenda,0.02%
,canals,0.02%
,agents,0.02%
,cao,0.02%
,aggregates,0.02%
,capacities,0.02%
,agreement,0.02%
,capture,0.02%
,agreements,0.02%
,carbonation,0.02%
,agroecosystems,0.02%
,cargo,0.02%
,agroforestry,0.02%
,associations,0.02%
,agroindustry,0.02%
,atlantic,0.02%
,ahp,0.02%
,attacks,0.02%
,aic,0.02%
,attempts,0.02%
,aid,0.02%
,attitude,0.02%
,aidic,0.02%
,attributable,0.02%
,alanine,0.02%
,attributional,0.02%
,alaska,0.02%
,australia,0.02%
,alba,0.02%
,authority,0.02%
,alfisols,0.02%
,automatic,0.02%
,algae,0.02%
,autoregressive,0.02%
,algorithm,0.02%
,available,0.02%
,alignment,0.02%
,away,0.02%
,allocation,0.02%
,back,0.02%
,allometric,0.02%
,bacteria,0.02%
,almost,0.02%
,bagasse,0.02%
,alone,0.02%
,balances,0.02%
,along,0.02%
,bamboo,0.02%
,alongside,0.02%
,band,0.02%
,alos,0.02%
,bandar,0.02%
,already,0.02%
,bandung,0.02%
,alternative,0.02%
,banking,0.02%
,alternatives,0.02%
,bantargebang,0.02%
,although,0.02%
,baru,0.02%
,alu,0.02%
,basel,0.02%
,alumina,0.02%
,bases,0.02%
,aluminium,0.02%
,basin,0.02%
,always,0.02%
,batteries,0.02%
,ambition,0.02%
,bay,0.02%
,ambitious,0.02%
,behavior,0.02%
,ameliorant,0.02%
,behaviors,0.02%
,amelioration,0.02%
,behind,0.02%
,amendment,0.02%
,belgium,0.02%
,amendments,0.02%
,below,0.02%
,america,0.02%
,benefits,0.02%
,american,0.02%
,best,0.02%
,amongst,0.02%
,betung,0.02%
,anaerobic,0.02%
,beyond,0.02%
,analyse,0.02%
,biggest,0.02%
,analyses,0.02%
,bill,0.02%
,analytical,0.02%
,bills,0.02%
,ancient,0.02%
,biochar,0.02%
,andisols,0.02%
,biodiversity,0.02%
,anghg,0.02%
,bioelectricity,0.02%
,animal,0.02%
,biofertilizer,0.02%
,animals,0.02%
,biofuels,0.02%
,ann,0.02%
,biological,0.02%
,annually,0.02%
,biomethane,0.02%
,another,0.02%
,biophysical,0.02%
,answer,0.02%
,biotic,0.02%
,antagonistic,0.02%
,blocks,0.02%
,antarctic,0.02%
,bmi,0.02%
,antarctica,0.02%
,board,0.02%
,anthropogenic,0.02%
,boats,0.02%
,any,0.02%
,boiler,0.02%
,aopd,0.02%
,borehole,0.02%
,apac,0.02%
,borobudur,0.02%
,aperture,0.02%
,boundaries,0.02%
,appearance,0.02%
,boyolali,0.02%
,applications,0.02%
,brazil,0.02%
,approaches,0.02%
,broad,0.02%
,appropriate,0.02%
,bsr,0.02%
,appropriately,0.02%
,budgets,0.02%
,approximately,0.02%
,bulk,0.02%
,aqi,0.02%
,bunches,0.02%
,aquaculture,0.02%
,buri,0.02%
,arabia,0.02%
,business,0.02%
,arabica,0.02%
,calcination,0.02%
,archaeal,0.02%
,calculation,0.02%
,archipelagic,0.02%
,california,0.02%
,archipelago,0.02%
,calls,0.02%
,architecture,0.02%
,calorific,0.02%
,arctic,0.02%
,cambodia,0.02%
,ardl,0.02%
,campaign,0.02%
,arduous,0.02%
,canada,0.02%
,argentina,0.02%
,canal,0.02%
,article,0.02%
,cane,0.02%
,articles,0.02%
,canopy,0.02%
,artificial,0.02%
,capabilities,0.02%
,asean,0.02%
,capable,0.02%
,ash,0.02%
,capita,0.02%
,asia,0.02%
,capitals,0.02%
,asian,0.02%
,car,0.02%
,aspect,0.02%
,carbonate,0.02%
,aspects,0.02%
,carbonator,0.02%
,assembly,0.02%
,carem,0.02%
,assessments,0.02%
,caribbean,0.02%
,assistance,0.02%
,january,0.02%
,association,0.02%
,Grand Total,100.00%
