accuracy,11,
almost,11,
audit,11,
balance,11,
board,11,
budget,11,
causes,11,
committee,11,
conclusion,11,
decision,11,
efb,11,
equation,11,
every,11,
evidence,11,
factory,11,
fish,11,
indonesian,11,
input,11,
islands,11,
methodology,11,
mode,11,
occurrence,11,
peats,11,
physics,11,
plastic,11,
plastics,11,
points,11,
producer,11,
reclamation,11,
requirement,11,
score,11,
sequestration,11,
service,11,
smallscale,11,
standard,11,
sulawesi,11,
surabaya,11,
swampland,11,
targets,11,
techniques,11,
tempeh,11,
tree,11,
varieties,11,
vehicle,11,
via,11,
volumes,11,
worlds,11,
yet,11,
access,12,
ash,12,
categories,12,
co2e,12,
combination,12,
concept,12,
despite,12,
dispersal,12,
drivers,12,
edp,12,
eight,12,
end,12,
existence,12,
gasification,12,
germany,12,
governance,12,
ground,12,
groundwater,12,
here,12,
influence,12,
irrigation,12,
kupang,12,
load,12,
mass,12,
outcomes,12,
planning,12,
planting,12,
regency,12,
regression,12,
residue,12,
respiration,12,
services,12,
solution,12,
steam,12,
success,12,
toward,12,
turbine,12,
understanding,12,
until,12,
vulnerability,12,
wastes,12,
west,12,
adaptation,13,
any,13,
brazil,13,
canopy,13,
copyright,13,
days,13,
decades,13,
differences,13,
exchange,13,
feasibility,13,
five,13,
gasses,13,
gdp,13,
ghgs,13,
increasingly,13,
losses,13,
media,13,
nationally,13,
need,13,
operation,13,
pellet,13,
pellets,13,
producers,13,
programs,13,
projects,13,
review,13,
russia,13,
size,13,
smallholders,13,
stage,13,
students,13,
support,13,
term,13,
thailand,13,
total,13,
towards,13,
trade,13,
yields,13,
africa,14,
aim,14,
australia,14,
bacteria,14,
before,14,
business,14,
canal,14,
ccs,14,
central,14,
challenges,14,
context,14,LOWER CUT
contributions,14,SELECTED KEYWORDS (15%)         [25 Words]
control,14,
criteria,14,
crops,14,
damage,14,
difference,14,
diversity,14,
drainage,14,
future,14,
generally,14,
governments,14,
green,14,
half,14,
household,14,
ice,14,
petroleum,14,
temperatures,14,
priority,14,
recycling,14,
risk,14,
root,14,
simulation,14,
soils,14,
speed,14,
states,14,
pome,14,UPPER CUT
tool,14,
usage,14,
variation,14,
jakarta,14,
