Word,Counts
02span,1
107us,1
1266span,1
13luasb,1
14660thinsp,1
15l,1
16c,1
16s,1
175c,1
1800s,1
1990s,1
200c,1
2013all,1
2019the,1
209734z17z,1
21st,1
21usdton,1
2247μgg,1
225c,1
24hour,1
2526c,1
285ton,1
28h,1
30yearold,1
32246thinsp,1
3300kwh,1
3year,1
40948mw,1
40c,1
419c,1
41year,1
492μgg,1
4th,1
500yr,1
50fold,1
50thinsp,1
518790tonne,1
520mw,1
5coordinated,1
5yearold,1
639span,1
7574thinsp,1
793c,1
8661thinsp,1
8kw,1
aaiw,1
aalborg,1
aard,1
abandonment,1
abr,1
academic,1
acceptability,1
accessibility,1
accord,1
accordingly,1
accountability,1
achievement,1
achievements,1
acidity,1
act,1
actually,1
adaptability,1
adaptations,1
additives,1
adequacy,1
adjustments,1
administrator,1
adoptions,1
adults,1
advancement,1
adversely,1
advisory,1
aess,1
aez,1
affair,1
affairs,1
affects,1
affordability,1
again,1
agar,1
agendas,1
agent,1
ages,1
aggregate,1
ago,1
agricultural,1
agricultureforestry,1
agrifood,1
agrobacterium,1
agrobiodiversity,1
agroecosystem,1
agung,1
aims,1
airtight,1
al2o3,1
alata,1
albeit,1
algeria,1
alien,1
alkali,1
alleviation,1
almaslamani,1
alos2,1
alpine,1
alps,1
alteration,1
alterations,1
alters,1
altman,1
alumina,1
amalgamation,1
amazon,1
amazonia,1
ambitions,1
amid,1
aminotransferase,1
aminotransferase2,1
amparoften,1
amplicon,1
amplitude,1
anaerobically,1
andaman,1
andusti,1
animal,1
animalsource,1
announcement,1
anova,1
answer,1
antagonism,1
antarctic,1
anthracite,1
anu,1
apartment,1
aperture,1
appliance,1
appliances,1
appraisal,1
archaea,1
ardila,1
arima,1
arjuno,1
arrangement,1
arranges,1
arsonists,1
artocarpus,1
arvi,1
asean5,1
asers,1
ashes,1
asif,1
assay,1
assemblages,1
asses,1
assess,1
asset,1
assets,1
assignment,1
assists,1
assumptions,1
assurance,1
atmospheres,1
attitudes,1
attributes,1
attributional,1
audience,1
audits,1
authorities,1
auto,1
autoregression,1
aviation,1
award,1
axils,1
azad,1
b3b11,1
b40,1
bacillus,1
backbones,1
bacterias,1
badan,1
bag,1
bahamas,1
bakung,1
balikpapan,1
balinusa,1
banana,1
bangka,1
bangsri,1
bantul,1
baptist,1
barat,1
barito,1
barley,1
barrier,1
basal,1
basedgeopolymer,1
baselines,1
basepoints,1
basically,1
basins,1
batang,1
batchly,1
bawen,1
bayah,1
bbg,1
bbm,1
beach,1
beams,1
beans,1
beds,1
beet,1
behaviouras,1
behaviours,1
beings,1
bekasi,1
belawan,1
belitung,1
benchmarking,1
bengaluru,1
bengawan,1
benoa,1
benowo,1
bering,1
betterthis,1
bezerra,1
bfast,1
bfg,1
bilateral,1
billions,1
bimonthly,1
bintang,1
bintuni,1
biochar,1
biodiversitas,1
biofortification,1
biogenic,1
biomasses,1
biomes,1
bioone,1
biopellets,1
biophysical,1
bioreactors,1
biosphere,1
birth,1
biweekly,1
bjerknes,1
blades,1
blang,1
blessings,1
blooms,1
bmu,1
bnpb,1
bogoriense,1
boilers,1
boiling,1
bolivia,1
bomb,1
bonding,1
bondowosositubondo,1
bontosalama,1
bootstrap,1
boreal,1
borer,1
bottleneck,1
box,1
bppt,1
brackish,1
branches,1
branco,1
brantas,1
brazileu,1
break,1
breast,1
breeding,1
brickquetess,1
brics,1
briefly,1
brigade,1
brine,1
budapest,1
buenaswith,1
burdens,1
businesss,1
buying,1
byncnd,1
c2h4eq,1
cages,1
calciner,1
calciumlooping,1
california,1
callophylum,1
caloric,1
calories,1
calorimeter,1
cao,1
cap1,1
caprocks,1
car,1
carbonabsorption,1
carbonate,1
carbonator,1
carboncontent,1
carbondioxide,1
cargo,1
caribbean,1
carp,1
carpio,1
cash,1
catalyst,1
catfish,1
cbiore,1
ccr,1
cdp,1
cell,1
cellulose,1
cementproduction,1
cements,1
cempo,1
cent,1
centrifuge,1
cepu,1
certainly,1
certainty,1
cesmle,1
cessation,1
cfs,1
ch4cha1yr1,1
ch4emissions,1
chamber,1
chambers,1
champion,1
chan,1
channel,1
channels,1
charge,1
charnes,1
chartacea,1
checklist,1
chinaeu,1
chinajapan,1
chinarussia,1
chinaus,1
chlorophyllmeter,1
chm,1
chromatography,1
ci100,1
cibinong,1
circa,1
circuit,1
circumstance,1
circumstances,1
civilization,1
claims,1
clarity,1
clauses,1
climates,1
clis,1
closedloop,1
closer,1
cloudsnonvegetation,1
clt,1
clusters,1
cm2yr,1
cmlia,1
co2capture,1
co2cha1yr1,1
co2corrosive,1
co2eqgj,1
co2eqmonth,1
co2eqton,1
co2rich,1
co2year,1
coarseresolution,1
coarsetexture,1
coastline,1
coasts,1
cobenefit,1
cocos,1
coefficient0739,1
coffea,1
cogeneration,1
collapse,1
colombia,1
colonies,1
column,1
columns,1
combinations,1
combustionwill,1
commercialization,1
commonwealth,1
communications,1
communitys,1
comparatively,1
compartment,1
compendium,1
compensations,1
competitiveness,1
competitors,1
compliance,1
compliant,1
compositions,1
compressor,1
compressors,1
comprises,1
con,1
conceivably,1
concentrates,1
concession,1
conclusions,1
concretization,1
concurrently,1
condensate,1
condenser,1
conduits,1
congestion,1
congress,1
connections,1
cons,1
consecutively,1
consensus,1
consensusview,1
consent,1
consequential,1
conservationrestoration,1
consist,1
constantly,1
constituent,1
constituents,1
construct,1
consuming,1
consumptions,1
contamination,1
continent,1
continuity,1
contracts,1
contrary,1
controls,1
controversy,1
conventionally,1
conventions,1
converse,1
conversiondevelopment,1
converts,1
cooking,1
cooling,1
cooper,1
cop26,1
copenhagen,1
copia,1
copper,1
corg,1
corpora,1
correction28,1
correspond,1
correspondingly,1
corrosion,1
corruption,1
cosmetics,1
costa,1
costbenefit,1
costeffectiveness,1
costmass,1
cows,1
cpf,1
cplex,1
cradletofarm,1
cradletograve,1
crd,1
create,1
crepe,1
cristagalli,1
criticism,1
criticsm,1
croatia,1
croplivestock,1
cross,1
crossborder,1
crosscountry,1
crucially,1
crusher,1
crushers,1
crust,1
csalaat2,1
cscbg,1
cssfv,1
cuba,1
cultivars,1
current,1
curtin,1
cycling,1
cylinder,1
cyprinus,1
daily,1
dam,1
dan,1
danger,1
dap,1
date,1
david,1
day,1
dbh,1
dearth,1
death,1
decisionmakers,1
decisionmaking,1
declarations,1
decomposability,1
decree,1
defense,1
deficits,1
define,1
definition,1
defra,1
degradations,1
degrades,1
degree,1
dellopera,1
demandsupply,1
democratic,1
demonstrate,1
demonstration,1
denialism,1
denmark,1
densely,1
denser,1
densities,1
dependencies,1
deposition,1
depression,1
derivation,1
derivative,1
desaign,1
description,1
desk,1
destination,1
desulfurizing,1
detailed,1
determination,1
devastation,1
developers,1
device,1
devices,1
dewi,1
dieselin,1
difficulties,1
difficulty,1
diffraction,1
digestate,1
digital,1
digitization,1
dilemma,1
dimension,1
dinosaurs,1
dioscorea,1
diospyros,1
directions,1
directive,1
disadvantages,1
discard,1
disclosures,1
discolor,1
discourse,1
discrepancies,1
dispersive,1
displacement,1
displacements,1
disposizione,1
dispossession,1
dissemination,1
distances,1
distress,1
distributors,1
districtcity,1
districts,1
division,1
documents,1
domain,1
domes,1
domestically,1
dominance,1
dominantly,1
donor,1
doomsday,1
dorian,1
doses,1
doubt,1
downhole,1
downstream,1
downwelling,1
dozen,1
drainability,1
drastically,1
dreamliketool,1
dredging,1
drier,1
driscoll,1
drive,1
droughtprone,1
dryland,1
dryness,1
dsm,1
dsr,1
dtm,1
dumping,1
duration,1
dvi,1
dwellers,1
dwellings,1
dynamically,1
e2b12,1
e2b13,1
e2b3,1
e4b6,1
eagle,1
eagles,1
earthquake,1
ease,1
ecofriendly,1
ecoinvent,1
ecologically,1
economys,1
ecotoxicity,1
edxs,1
eesti,1
ef102,1
ef106,1
ef109,1
efficiencies,1
effluents,1
egg,1
eggs,1
ehrlich,1
eiu,1
ekman,1
elaeis,1
elasticities,1
elasticity,1
electric,1
electrolysis,1
electron,1
electronics,1
element,1
elimination,1
elites,1
elsewhere,1
emanations,1
emitter,1
emmissions,1
empirically,1
enc,1
encompasses,1
encroachment,1
endofcentury,1
endusers,1
energetically,1
energybiomass,1
energyconsuming,1
energydispersive,1
energyefficiency,1
energyprediction,1
engineeringall,1
engines,1
entirely,1
entrepreneurs,1
entropy,1
environmentalists,1
environmentallyfriendly,1
epa,1
episode,1
epr0352881,1
equal,1
equally,1
errors,1
erupting,1
eruptions,1
erythrina,1
escalates,1
escalation,1
estimating,1
etaflorence,1
ethiopia,1
eua,1
evaluations,1
evaporation,1
evenly,1
everyone,1
exacerbates,1
exactness,1
examples,1
excellent,1
exchangers,1
exemptions,1
exergy,1
exerts,1
exhibits,1
exiobase,1
exmrp,1
expanses,1
expectancy,1
expectations,1
expenditures,1
experiences,1
explicitly,1
explosion,1
exponentially,1
exporter,1
exports,1
extension,1
extensions,1
extrapolation,1
exudates,1
facetoface,1
facilitation,1
factorys,1
facts,1
fam13,1
family,1
fanp,1
fans,1
faostat,1
farmhouse,1
farmland,1
farther,1
fast,1
fatmawati,1
faults,1
fear,1
fears,1
fee,1
feedin,1
feedstocks,1
ferries,1
ferry,1
fifteen,1
fight,1
figures,1
file,1
financial,1
financing,1
fineresolution,1
firebase,1
firewood,1
firmly,1
firmsyears,1
firstmile,1
firstorder,1
fishandpoultry,1
fishbone,1
fits,1
fiveyear,1
flakes,1
fleet,1
flood,1
flowability,1
fluctuate,1
flue,1
fluidization,1
flurry,1
fma,1
fmols,1
fog,1
followup,1
folu,1
foodenergywatercarbon,1
foodfeed,1
forecasts,1
forestation,1
forestlands,1
forestrypeatlands,1
foresttoplantation,1
forma,1
format,1
formula,1
formulas,1
fortunately,1
forum,1
fossilsources,1
fourlevel,1
fourteen,1
fourth,1
francoangeli,1
freely,1
fromoutlet,1
fronds,1
fuelcookstoves,1
fumes,1
functioning,1
fungi,1
fvw,1
fvwmanagement,1
gadjah,1
gain,1
gains,1
gams,1
gatetogate,1
gaung,1
gaw,1
gdrp,1
gebang,1
gemi,1
general,1
generalisation,1
generating,1
gentungan,1
geographies,1
geography,1
geohazards,1
geomate,1
geometry,1
geomorphology,1
geophysics,1
geoscience,1
geotiff,1
gep,1
gift,1
gis,1
glasgow,1
glass,1
glimpse,1
globalaverage,1
glucan,1
gm2yr,1
gmdh,1
gmdhandmultilayer,1
god,1
gold,1
goldstein,1
goodsis,1
gosat,1
govermnet,1
grade,1
gradients,1
grains,1
grass,1
grassland,1
gratuita,1
grave,1
greenhousegas,1
greenport,1
gresik,1
grey,1
grosso,1
growthconservation,1
gruyter,1
gtapepowers,1
gtco2eq,1
gton,1
guidance,1
guinea,1
guineensis,1
gwh,1
gwp100a,1
ha1as,1
ha1year1,1
ha1yr1,1
habits,1
hadiwijoyo,1
hairiah,1
halimun,1
halosteric,1
halting,1
hamlet,1
harm,1
harmonization,1
harmony,1
harvests,1
hazards,1
hdg,1
hdpe,1
head,1
heatwave,1
heights,1
hemisphere,1
herbs,1
herd,1
heritage,1
heterogeneity,1
hevs,1
hic,1
hics,1
high,1
highemissions,1
highend,1
highresolution,1
hightech,1
highyielding,1
hill,1
historically,1
history,1
hohai,1
hole,1
holistically,1
homicides,1
hong,1
hood,1
hope,1
horn,1
hostrock,1
hourly,1
hours,1
houses,1
howson,1
hpa,1
hpal,1
hsd,1
httpcreativecommonsorglicensesbyncnd40,1
httpswwwdndcsrunhedu,1
hub,1
hulu,1
hundreds,1
hungary,1
hunger,1
hurricane,1
husk,1
husks,1
husrevoglu,1
hutama,1
hutan,1
hwp,1
hybridization,1
hybridstructure,1
hydrologic,1
hydroreservoir,1
hydrorunofriver,1
hypophthalmus,1
iaeri,1
ias1,1
ias2,1
icae2018,1
icewhich,1
ideas,1
identifying,1
idr1281136274,1
idr818373tonne,1
idx,1
igo,1
ijtech,1
iklh,1
ilucrisks,1
imageries,1
imbalance,1
imcg,1
imo,1
implementers,1
implication,1
important,1
importers,1
improperly,1
improve,1
incentivisation,1
inceptisol,1
incidence,1
incident,1
incineration,1
incinerator,1
inconsistency,1
inconsistently,1
incorporation,1
incountry,1
inderscience,1
indexes,1
indexs,1
indiaeu,1
indias,1
indiaus,1
indicatesthat,1
indication,1
individuals,1
indrajaya,1
indralayas,1
inductively,1
inefficiency,1
inefficient,1
infestation,1
infill,1
infiltration,1
inflation,1
informants,1
infrared,1
infrastructures,1
ingongo,1
inhabitants,1
inhibitor,1
initially,1
initiation,1
inline,1
inorganic,1
inputoutput,1
insertions,1
insignificantly,1
install,1
installations,1
instalment,1
institution,1
institutional,1
int,1
interactions,1
interception,1
intercomparison,1
intercropping,1
interestingly,1
internationally,1
internet,1
interpretations,1
interrelationship,1
interrow,1
intervals,1
inti,1
inundation,1
invasion,1
inversely,1
investigation,1
investors,1
inwest,1
iods,1
ion,1
ionisation,1
ions,1
ipccar5,1
ipccs,1
ips,1
iqaircom,1
ir64,1
ireci,1
irio,1
iron,1
irr,1
irrespective,1
is2,1
is3,1
isari,1
islamic,1
isolation,1
italy,1
jack,1
jacq,1
jaken,1
jam,1
jamali,1
jamaligrid,1
jar,1
jati,1
jointly,1
jonas,1
jordan,1
journals,1
journey,1
jtra,1
judgment,1
juncto,1
justice,1
justification,1
kabupaten,1
kaen,1
kalium,1
kamparindragiri,1
kaohsiung,1
kapal,1
kappa,1
kapuas,1
kartanegara,1
karya,1
kayu,1
kcal,1
kennedy,1
kenneth,1
kenya,1
kertajaya,1
key,1
keywords,1
kft,1
kgco2eqkg,1
kgco2eqmj,1
kgco2eqpersony,1
kgha1yr1,1
kgpersonday,1
khasanah,1
khon,1
kilograms,1
kilometers,1
kind,1
kinds,1
kirkpatrick,1
km3,1
kmp,1
koh,1
konawe,1
kong,1
kphp,1
kraay,1
kragilan,1
kupangindonesia,1
kutai,1
kwh1,1
kwhmonth,1
kwp,1
kyushu,1
labour,1
lactobacillus,1
lagoons,1
lake,1
lakes,1
lamandau,1
lamandaus,1
landing,1
landless,1
landowners,1
landsat8,1
landslides,1
landuses,1
lane,1
lanina,1
late,1
latex,1
latin,1
latitude,1
laundry,1
laut,1
lawrence,1
layouts,1
lband,1
lcs,1
leaching,1
lead,1
leads,1
leak,1
leakingfluids,1
legislatively,1
legitimacy,1
legume,1
lens,1
lenses,1
lerm,1
library,1
lignite,1
likert,1
likewise,1
limitationsimplications,1
linear,1
linehttpsdoiorg105281zenodo3467071httpsdoiorg105281zenodo3467071a,1
lineinlineformula017spanspan,1
liquid,1
literacy,1
liters,1
lithuania,1
liver,1
lm1,1
lm18,1
loading,1
loadm,1
loads,1
lobster,1
localcommunity,1
locally,1
locals,1
loggers,1
logic,1
logs,1
lombok,1
longhaul,1
longlines,1
look,1
loops,1
losari,1
lot,1
lowerincome,1
lowest,1
lrc,1
lulucf,1
lusi,1
luxembourg,1
m3day,1
m3month,1
m3s,1
mackerel,1
mada,1
magnet,1
magnitudes,1
main,1
maize,1
maker,1
malahayati,1
malaise,1
malawi,1
malukupapua,1
manajemen,1
manganese,1
mangroveholding,1
mangroverich,1
maret,1
massively,1
matching,1
matlab,1
mato,1
matrices,1
maximally,1
mbar,1
mdg,1
meanings,1
meantime,1
measure,1
mechanization,1
mediasubstrate,1
mediator,1
mediumlong,1
mediumweight,1
melt,1
melting,1
mesoamerica,1
messa,1
metaanalyses,1
metaanalysis,1
meters,1
methanogenesis,1
methanol,1
methanomassiliicoccaceae,1
methanosarcinaceae,1
methanotrophs,1
methanotrophy,1
methodofmoment,1
methylotrophicus,1
metropolitan,1
mezzo,1
mfa,1
mgco2e,1
mhz19b,1
microbes,1
microcontroller,1
micronutrients,1
microorganisms,1
microresistivity,1
microscopy,1
microstructure,1
microwave,1
mid,1
mid2021,1
midcentury,1
middelaar,1
middle,1
midpoint,1
midstream,1
midtwentieth,1
midyear,1
migeon,1
military,1
milling,1
millionyear,1
mind,1
miners,1
minimization,1
ministries,1
minutes,1
misleading,1
mississippi,1
missouri,1
mitigate,1
mitigating,1
mixedinteger,1
mixing,1
mj1,1
mjkw,1
mjkwhelectric,1
mjnm3,1
mjton,1
mly,1
mmq,1
mno2,1
moderation,1
modes,1
modifications,1
moef,1
moist,1
molasses,1
moment,1
money,1
monograph,1
month,1
morphologically,1
motivation,1
motorbike,1
motorcycles,1
mounds,1
movements,1
mrf,1
mrio,1
mrr,1
mton,1
mtonco2e,1
mty1,1
mtyear,1
muara,1
mud,1
mudrich,1
multidepot,1
multimodel,1
multiobjective,1
multipleresolution,1
multiplier,1
multiproduct,1
multistakeholders,1
multistorey,1
mwhday,1
mycobacterium,1
n2p4,1
nadir,1
nam,1
nardlpmg,1
nardlpmgs,1
narration,1
narrative,1
nationstates,1
naturally,1
ncv,1
ndir,1
neap,1
near,1
nearpristine,1
nearsurface,1
necessity,1
necromass,1
neighboring,1
neighbour,1
neira,1
neither,1
networksinto,1
netzero,1
never,1
next,1
nfertilisation,1
ngadirejo,1
nh4,1
nies,1
nighttime,1
niloticus,1
nino,1
nir,1
niso46h2o,1
nitrification,1
nitrite,1
nitzschia,1
nizam,1
nm3,1
nmvoc,1
no3,1
no8,1
nobody,1
nodairy,1
nonanalogue,1
none,1
nonetheless,1
nonprocess,1
nonril,1
noordwijk,1
nor,1
northeast,1
northsoutherly,1
norway,1
nothing,1
novelty,1
novita,1
npp,1
nres,1
ntfps,1
nuances,1
nucifera,1
nur,1
nursery,1
nutritionenvironment,1
object,1
obligation,1
obviously,1
occupation,1
occurrences,1
oco2,1
oecdfao,1
oer,1
of3,1
offering,1
offshore,1
ofr,1
ogawa,1
oilseeds,1
oleifolia,1
omega,1
onboard,1
onequarter,1
onethird,1
onfarm,1
onshore,1
onsite,1
onto,1
oosting,1
opec,1
openings,1
openlca,1
operating,1
operators,1
opinion,1
oreochromis,1
organically,1
organisation,1
organizing,1
originalityvalue,1
originates,1
origins,1
osant1,1
oscillation,1
osmosis,1
outflows,1
outlook,1
outset,1
overestimate,1
overexploitation,1
overflow,1
overly,1
overshooters,1
overshooting,1
overview,1
overweight,1
owning,1
oxides,1
p50001,1
pagamento,1
pairs,1
palmonpeatlands,1
palsar,1
pancadarma,1
panicle,1
paraguay,1
partially,1
particulars,1
partner,1
partners,1
past,1
patch,1
paul,1
pbcas,1
pca,1
pcambia1300,1
pci,1
pctool,1
peatlandtopalm,1
peerreview,1
pekalongan,1
penerapan,1
pengembang,1
pengkajian,1
penstock,1
penumpang,1
perceptron,1
perhaps,1
permission,1
permits,1
permitting,1
person,1
personale,1
perturbations,1
perum,1
pesaran,1
pest,1
pesticide,1
pfp,1
pgc,1
phenolformaldehyde,1
phev,1
phh,1
phosphor,1
photon,1
physically,1
phytoplankton,1
pickup,1
pieces,1
pig,1
pinatubo,1
pksfiring,1
plaju,1
planetary,1
planners,1
plantarum,1
planview,1
plasticday,1
pledges,1
pls,1
plssem,1
pltb,1
pmn,1
po43respectively,1
policys,1
pollen,1
polluters,1
polygon,1
polysaccharides,1
poncosari,1
pontianak,1
popularization,1
pores,1
porosity,1
positions,1
possibilities,1
post,1
postdisturbance,1
postgraduate,1
postharvest,1
postmt,1
potash,1
potato,1
practitioners,1
pre,1
precedents,1
precipice,1
precipitate,1
precisely,1
predictor,1
predominantly,1
predominately,1
preferences,1
prerequisite,1
presentday,1
preserve,1
presumably,1
pretty,1
priambodo,1
pricing,1
primary,1
prince,1
principally,1
privilege,1
probes,1
procurement,1
producibility,1
productionviaevaporation,1
productsgasoline,1
proenvironment,1
professor,1
profit,1
profitably,1
profits,1
programmes,1
programming,1
progressively,1
proklim,1
prolongation,1
promoter,1
proof,1
property,1
proponents,1
proportionally,1
proposition,1
pros,1
prosumers,1
prosym,1
protocols,1
providencia,1
pruning,1
psfs,1
psychology,1
puntal,1
purposive,1
purposively,1
putra,1
pvplanner,1
qfd,1
quadratic,1
qualsiasi,1
quantities,1
quarry,1
question,1
quite,1
radiative,1
radius,1
raikoke,1
rail,1
rails,1
rainforests,1
rains,1
ramadan,1
ranking,1
ranomahera,1
rapid,1
rational,1
rationality,1
ratios,1
rawa,1
rcp26,1
reactions,1
reactorwere,1
readily,1
readymix,1
realscale,1
recharging,1
recipe,1
reconfiguration,1
recycle,1
recyling,1
red,1
redistribution,1
ref,1
refineries,1
refinery,1
refining,1
reforestation,1
refrigerators,1
refutation,1
regards,1
regencies,1
regents,1
regionally,1
regressionpanel,1
regressions,1
regrowth,1
regularly,1
reinforcing,1
reinjection,1
reinstitution,1
relatives,1
remote,1
removals,1
reorientation,1
repair,1
repeatedly,1
replacement,1
replicates,1
reportintergovernmental,1
reputation,1
request,1
researcher,1
researches,1
residents,1
resin,1
resistivity,1
resourcedependent,1
resourcetechnology,1
responsibilities,1
restriction,1
retailer,1
retention,1
reusing,1
revegetation,1
revenues,1
reviews,1
rewilding,1
rhizobium,1
rhizoryzae,1
riaus,1
rica,1
ricegrowing,1
richness,1
right,1
rio,1
riproduzione,1
riskesdas,1
rizaludin,1
roadmap,1
roadsdecks,1
roaming,1
rooftops,1
rooms,1
roots,1
roster,1
rot,1
rotations,1
roughly,1
row,1
rrna,1
rules,1
rumah,1
ruminant,1
ruminants,1
runoff,1
rupiahs,1
sa1,1
saffirsimpson,1
saharjo,1
sahel,1
salak,1
salts,1
sam,1
samboja,1
sampler,1
samw,1
sanctions,1
sands,1
saturation,1
sawn,1
scaling,1
scalingup,1
schema,1
scholar,1
scholars,1
school,1
sciencebusiness,1
sciencedirect,1
scientifically,1
scoring,1
screening,1
scrubland,1
sdg7,1
seaports,1
search,1
searches,1
seasonwildfires,1
seaward,1
seawater,1
sebelas,1
seconds,1
secretariat,1
seemingly,1
segments,1
seismically,1
selfhealing,1
selfhealingtohydrocarbons,1
sem,1
sempls,1
senegalense,1
sentinel5,1
separation,1
sepicanus,1
settings,1
seventeen,1
seventhgrade,1
seventy,1
seward,1
sfm,1
sgd,1
sgnec,1
shade,1
shading,1
shadow,1
shallot,1
shallow,1
sheets,1
shelf,1
shelter,1
shifting,1
shikoku,1
shin,1
shock,1
shoot,1
shorea,1
shortage,1
shortly,1
shows,1
shrimp,1
shrinkage,1
shutters,1
si5,1
siberia,1
siege,1
sigmanot,1
sigmoidal,1
sign,1
signatories,1
signing,1
silica,1
silicaalumina,1
similarities,1
simpari,1
simulates,1
simulator,1
sitespecies,1
sitespecific,1
sixteen,1
skewness,1
skill,1
skills,1
skov,1
slingerland,1
slope,1
slowly,1
slr,1
snowmelt,1
socialization,1
societies,1
soilwater,1
solar,1
solar20mw,1
solar50mw,1
solids,1
somewhat,1
spacing,1
span,1
spatial,1
spb,1
specifications,1
spectroradiometer,1
spells,1
spesific,1
sphere,1
spi,1
spice,1
splitting,1
sport,1
spread,1
spreading,1
spwla,1
squares,1
srac,1
ssc,1
ssp245,1
stabilization,1
staff,1
standing,1
standout,1
stanford,1
start,1
starting,1
starvation,1
statetask,1
static,1
statically,1
station,1
stationsstops,1
statute,1
stems,1
stickler,1
stirpat,1
stockpile,1
stocktakes,1
stomach,1
stomph,1
stone,1
stories,1
storms,1
strait,1
strand,1
strangely,1
strapasson,1
stresses,1
strike,1
strikes,1
student,1
studi,1
studiesmahidol,1
studys,1
sua,1
subcatchment,1
subdistricts,1
subfactor,1
subjects,1
submergence,1
submission,1
submodels,1
suboptimally,1
subplot,1
subsaharan,1
subscribers,1
subsectors,1
substages,1
substances,1
substation,1
substitution,1
subsustainability,1
succession,1
successively,1
suddenly,1
sufficiently,1
suggestion,1
suitability,1
sulfates,1
sum,1
sumatras,1
sumbawa,1
sumbawas,1
sums,1
sun,1
sunda,1
superstructure,1
supplier,1
supposedly,1
suppression,1
supriyanto,1
surakarta,1
surplus,1
surpluses,1
surveillance,1
surveys,1
sustainably,1
swails,1
swath,1
swir,1
switching,1
swot,1
symbolisms,1
symposium,1
synergies,1
synthesise,1
systematic,1
tabulation,1
tajak,1
takakura,1
tanah,1
tandes,1
tangerang,1
tank,1
tanks,1
tannery,1
tariffs,1
taxa,1
tco2km2,1
tdm,1
tdunit,1
teachers,1
tech,1
technicalities,1
teijsmanniodendron,1
teknologi,1
tello,1
tempe,1
temporallyexplicit,1
tens,1
tensions,1
teragrams,1
terajoule,1
terminals,1
terpenoids,1
territory,1
terzi,1
textile,1
texture,1
th6,1
thai,1
thailands,1
thallassiosira,1
theme,1
themselves,1
thereafter,1
thermocline,1
thermodynamics,1
thermoflow,1
thinking,1
thirdparty,1
thirteen,1
thoroughly,1
thoughts,1
thousand,1
threequarters,1
thru,1
thumb,1
tier12,1
ties,1
tiesnamurti,1
tilapia,1
tillage,1
tillering,1
tilt,1
tim,1
timespan,1
timings,1
timor,1
timpan1,1
tire,1
tissuespecific,1
tkn,1
tmailc,1
to85,1
tolerance,1
tonch4year,1
tonco2year,1
tonday,1
tonn2oyear,1
tonneday,1
tonnesyear,1
tonyear,1
top,1
topography,1
topsoil,1
torch,1
torque,1
totale,1
totalsdt,1
towers,1
toxicity,1
tpr,1
traceability,1
traces,1
traci,1
tracks,1
tradeoff,1
traditionally,1
traffic,1
trail,1
train,1
tram,1
transactions,1
transects,1
transformations,1
transit,1
transitioning,1
translation,1
transmission,1
transplanting,1
trash,1
treesspeciesha,1
trials,1
triglycerides,1
trillion,1
trip,1
trl7,1
trl8,1
tropika,1
troposphere,1
trust,1
trvi,1
ttest,1
tuaka,1
tukey,1
turbo,1
turning,1
twenty,1
twig,1
twopool,1
twostage,1
twostroke,1
twothirds,1
twowheelers,1
typically,1
typologies,1
typology,1
uas,1
uass,1
udf,1
unavailability,1
uncertainties,1
unconformity,1
underground,1
undp,1
unfcc,1
unites,1
unity,1
unknowns,1
unlike,1
updates,1
upi,1
upstream,1
urgency,1
us13023,1
us15,1
us500,1
usdcapita,1
usdha,1
usdm3,1
usdtco21,1
usdtco2eq,1
usdton,1
useas,1
usefulness,1
user,1
usgj,1
uso,1
utility,1
v102,1
v19,1
v301world,1
v88,1
vak,1
validity,1
valorization,1
vay,1
vectors,1
vellinga,1
velocity,1
venezuela,1
vents,1
verchot,1
verification,1
victim,1
victims,1
viet,1
vietata,1
vietnams,1
violations,1
visits,1
vitro,1
vocs,1
voters,1
vries,1
walton,1
wanulcas,1
warning,1
wastetoenergy,1
waterash,1
waterefficient,1
waterenergyfood,1
waters,1
waterways,1
watthours,1
wattm2h,1
wave,1
waves,1
weaknesses,1
wealth,1
weed,1
week,1
weeks,1
weightings,1
weights,1
wellbeing,1
wellcome,1
wellspring,1
wellunderstood,1
werethe,1
western,1
wet,1
wetting,1
wheat,1
wherein,1
widening,1
wildfire,1
wind13,1
wind3,1
window,1
windrow,1
winds,1
winterare,1
winters,1
wiod,1
workflow,1
works,1
workshops,1
writing,1
wte,1
wwwgreenbusinessbureaucom,1
wydawnictwo,1
yale,1
yijun,1
zachman,1
zahra,1
zemaitis,1
zenmusext,1
zhejiang,1
zimbabwe,1
zonal,1
μgg,1
100thinspm,2
15c,2
2nd,2
abrsbt,2
absence,2
academics,2
acceptance,2
accurately,2
aceh,2
acrs,2
actively,2
activists,2
advantages,2
aeration,2
aerosol,2
agb,2
agents,2
ahp,2
alanine,2
alaska,2
alba,2
alignment,2
alongside,2
alos,2
alu,2
ambition,2
ameliorant,2
amelioration,2
amongst,2
andor,2
angke,2
animals,2
ann,2
aopd,2
apac,2
api,2
appearance,2
appropriately,2
april,2
aqi,2
architecture,2
ardl,2
ardlpmg,2
argentina,2
arise,2
array,2
aspen,2
assembly,2
associations,2
assumption,2
atlantic,2
atmospheric,2
attack,2
attacks,2
attribute,2
author,2
authority,2
avoidance,2
balances,2
band,2
banda,2
banking,2
banks,2
bantargebang,2
barriers,2
bases,2
batteries,2
behaviors,2
belgium,2
beliefs,2
belowaverage,2
best,2
bill,2
bills,2
biocharcompost,2
bioelectricity,2
biomethane,2
bioreactor,2
blanket,2
blocking,2
bmi,2
bmkg,2
boat,2
boats,2
bond,2
boyolali,2
breakeven,2
brebes,2
brunei,2
bureau,2
byproducts,2
caco3,2
calcination,2
calculations,2
cambodia,2
camera,2
cane,2
canola,2
carbonation,2
carem,2
carlo,2
carrier,2
cars,2
cases,2
casing,2
catamaran,2
catastrophe,2
ccu,2
cells,2
celsius,2
centers,2
ch4c,2
characteristic,2
charcoal,2
charging,2
chinas,2
choice,2
choices,2
cilacap,2
circulation,2
citizen,2
citys,2
classes,2
classrooms,2
climatefriendly,2
closely,2
co2eqkg,2
co2eqyear,2
cobalt,2
code,2
coefficient,2
collectively,2
comfort,2
commercially,2
commission,2
commodities,2
competition,2
completely,2
complexes,2
compound,2
comprehensively,2
concentrate,2
conceptions,2
concepts,2
conditioning,2
conduit,2
conflict,2
congo,2
considerations,2
consistency,2
consistently,2
consolidation,2
constructions,2
containers,2
continuation,2
convention,2
conversely,2
corresponds,2
council,2
covariance,2
covers,2
crack,2
credit,2
critically,2
cropland,2
csp,2
curriculum,2
cws,2
cycles,2
cyclones,2
damages,2
dat,2
dcri,2
decline,2
decreasing,2
degrees,2
delivery,2
department,2
deployment,2
deposits,2
derivatives,2
designs,2
destruction,2
detail,2
developments,2
deviations,2
diagnosis,2
dicot,2
dioxides,2
dipole,2
disaster,2
diseases,2
distributions,2
doc,2
don,2
door,2
dpsir,2
driver,2
drone,2
drop,2
droughts,2
drylands,2
dust,2
duty,2
dynamic,2
earlier,2
easily,2
eastern,2
ecology,2
economist,2
eddy,2
effectively,2
efficacy,2
efs,2
ekc,2
elections,2
electrification,2
emerald,2
emits,2
enforcement,2
engagement,2
ensembles,2
enterprises,2
entry,2
environmental,2
episodes,2
eqha,2
equipments,2
equivalents,2
eruption,2
estates,2
ethanol,2
eu27,2
eu28,2
evi,2
examination,2
exhaust,2
expeatland,2
experience,2
experimentally,2
extensively,2
facies,2
factories,2
faculty,2
failures,2
fairly,2
fatalities,2
fccp,2
feature,2
features,2
february,2
feeding,2
fertility,2
fewc,2
ficus,2
finescale,2
firm,2
firsttime,2
fishery,2
flores,2
fluctuations,2
foliage,2
force,2
forecasting,2
forms,2
forth,2
forward,2
fossils,2
fraction,2
frame,2
frames,2
fuelwood,2
funding,2
funds,2
garden,2
gasoline,2
gayo,2
gcm,2
gco2eqmj,2
generations,2
geographically,2
geothermal,2
ghgi,2
glaciers,2
globe,2
glulam,2
gradient,2
gradually,2
granger,2
grcm3,2
grk,2
gtco2e,2
guideline,2
gwe,2
haul,2
hazard,2
hdi,2
heating,2
heaving,2
hectare,2
help,2
hierarchy,2
homeowners,2
honeybee,2
horizons,2
hssfcw,2
human,2
humic,2
hydro,2
hydrocarbon,2
hydrogen,2
hydroperiod,2
hydroxide,2
idai,2
ilucrisk,2
immediately,2
implicitly,2
importer,2
imports,2
inactivity,2
inc,2
increasing,2
incubation,2
independence,2
independently,2
inflow,2
innovations,2
instability,2
instance,2
instances,2
institutions,2
intakes,2
intelligence,2
intensively,2
interaction,2
intercrop,2
intermittency,2
international,2
interview,2
involvement,2
iot,2
item,2
items,2
jakartas,2
japans,2
jawa,2
jaya,2
jeneponto,2
jepara,2
jobs,2
july,2
june,2
jurnal,2
k2o,2
kazakhstan,2
kgco2,2
kgco2eqkwh,2
khg,2
kingdom,2
kph,2
kubu,2
kwh,2
kwhm,2
lag,2
laos,2
lastly,2
latitudes,2
lawu,2
lcoe,2
leaders,2
leakage,2
leap,2
learning,2
lembang,2
liability,2
lib,2
license,2
lifespan,2
lifetime,2
lignin,2
lignocellulosic,2
limestones,2
limitation,2
lithium,2
lithocolumn,2
litigation,2
litre,2
lives,2
long,2
longer,2
longline,2
looping,2
lowefficiency,2
lowemission,2
lpg,2
lsr,2
makers,2
malnutrition,2
maluku,2
mantangai,2
matrix,2
matters,2
meat,2
mediumterm,2
men,2
meteorology,2
meter,2
methanogens,2
mgha,2
mgha1,2
mgl,2
mhp,2
micro,2
midterm,2
minerals,2
mixture,2
mixtures,2
mobility,2
moderately,2
mole,2
monocultures,2
monoxide,2
monsoon,2
monte,2
monthly,2
morphology,2
movement,2
mulch,2
multiactor,2
multicopter,2
multifeedstock,2
multimodal,2
multipol,2
multistakeholder,2
municipality,2
mutually,2
mwh,2
n2oyear,2
ndvi,2
negatively,2
netherlands,2
newly,2
nh3,2
nics,2
no2,2
no2eq,2
nonstate,2
notably,2
nuance,2
numbers,2
obesity,2
obi,2
objects,2
obstacles,2
oecd,2
off,2
office,2
ogb,2
oilseed,2
ols,2
online,2
ore,2
origin,2
outlet,2
overall,2
overshoot,2
p2o5,2
pace,2
palabuhanratu,2
palms,2
pandemic,2
pangasius,2
paragraph,2
park,2
parties,2
partly,2
partnerships,2
paste,2
pavements,2
pbc,2
pepper,2
perception,2
perhutani,2
permenlhk,2
peru,2
pesticides,2
pests,2
phases,2
phenomena,2
piles,2
pipe,2
pledge,2
plot,2
plots,2
po4,2
po43,2
polyethylene,2
portland,2
portlink,2
potentials,2
powder,2
precision,2
precursor,2
presently,2
preservation,2
prevalence,2
previously,2
principle,2
probability,2
programme,2
prospects,2
provider,2
providers,2
provisions,2
proxies,2
proxy,2
publication,2
pulpwood,2
purification,2
pyrolysis,2
quantitatively,2
rain,2
rainfallgroundwater,2
rainfed,2
rank,2
rape,2
raya,2
rcp,2
rcp45,2
rcp85,2
reactivity,2
reality,2
realization,2
realtime,2
recommendation,2
refer,2
refugia,2
regimes,2
regulating,2
regulators,2
releases,2
remarkably,2
removal,2
renewables,2
replications,2
reports,2
representatives,2
resilience,2
resourcefuel,2
respect,2
reuse,2
revolution,2
rivers,2
robustness,2
roofs,2
rotterdam,2
rpjmn,2
rpm,2
rule,2
safety,2
salatiga,2
sale,2
sampean,2
savi,2
scopes,2
scor,2
seagrass,2
sediment,2
sediments,2
seedling,2
segment,2
seio,2
selling,2
semarang,2
sems,2
sentiment,2
sentinel2,2
septemberoctober,2
serkap,2
servizi,2
sets,2
setting,2
settlements,2
shares,2
sharing,2
sharply,2
sheath,2
sheep,2
shifts,2
ships,2
shopping,2
shortterm,2
show,2
siak,2
silage,2
silty,2
simply,2
sinjai,2
skid,2
slurry,2
soc,2
sometimes,2
sorbents,2
sort,2
southeastern,2
sovereignty,2
sox,2
soybeans,2
spaces,2
spad,2
spain,2
spectroscopy,2
spirulina,2
springer,2
square,2
ssl,2
stands,2
stations,2
statistically,2
steadily,2
storm,2
strains,2
stratosphere,2
subject,2
subset,2
subsidy,2
substitute,2
substrates,2
suggestions,2
sulphur,2
sumatran,2
sunflower,2
surfaces,2
synchronization,2
synergy,2
synthesis,2
synthetic,2
tangguh,2
tapanuli,2
tasik,2
taxation,2
taxes,2
tco2,2
tco2and,2
tdna,2
technically,2
tectona,2
teluk,2
temporally,2
tendency,2
terrain,2
teu,2
textures,2
things,2
thinning,2
thousands,2
threshold,2
tidp,2
toc,2
toilet,2
toilets,2
tonhayr,2
tonsha,2
topics,2
tourism,2
trails,2
trajectories,2
transfers,2
trial,2
trigger,2
trips,2
trl,2
tropospheric,2
trucks,2
tss,2
tstudents,2
tube,2
turn,2
ubl,2
undeniably,2
unfccc,2
unless,2
upland,2
uptake,2
urophylla,2
usd,2
users,2
utara,2
validation,2
van,2
vapor,2
vecm,2
vegetables,2
ventilation,2
viability,2
view,2
violence,2
vitamin,2
voluntarily,2
wages,2
washing,2
wastepaper,2
wastewaters,2
wattm2,2
weeds,2
weekday,2
weekend,2
welfare,2
wettingdrying,2
willingness,2
winwin,2
workers,2
workforces,2
wtd,2
yearly,2
abroad,3
academy,3
accumulation,3
adin,3
adjustment,3
aerenchyma,3
agencies,3
agenda,3
agreements,3
agroecosystems,3
aic,3
alfisols,3
algae,3
allocation,3
alternative,3
aluminium,3
always,3
analyses,3
antarctica,3
archipelago,3
arctic,3
articles,3
asphalt,3
assessments,3
assistance,3
attempts,3
august,3
away,3
b20,3
bags,3
bamboo,3
bandar,3
bands,3
bank,3
baru,3
basis,3
beginning,3
behavior,3
besar,3
biominigen,3
blend,3
bod,3
body,3
bogor,3
borobudur,3
bsr,3
buri,3
bus,3
businessasusual,3
businesses,3
campaign,3
campus,3
canada,3
caoh2,3
capabilities,3
capacities,3
carbohydrate,3
carefully,3
carem25,3
carrying,3
cementing,3
centre,3
century,3
certificate,3
cge,3
chlorophyll,3
classification,3
clay,3
climatology,3
co2c,3
co2eqkwh,3
co2eqt,3
co2eqtonnepellet,3
co2eqy,3
commonly,3
communication,3
companys,3
components,3
composting,3
compounds,3
configurations,3
conflicts,3
consciousness,3
considerably,3
container,3
contexts,3
contraction,3
coordination,3
cores,3
correction,3
corridors,3
costoutput,3
coverage,3
cow,3
cpp,3
cradletogate,3
crassicarpa,3
cropping,3
cssa,3
cucumber,3
culture,3
cuttings,3
cwr,3
decade21,3
declaration,3
deficiencies,3
deficit,3
denitrification,3
densification,3
depok,3
detection,3
deterioration,3
determinants,3
deviation,3
digester,3
digesters,3
dimensions,3
discount,3
disease,3
dna,3
documentation,3
dome,3
dose,3
dpbm,3
effluent,3
elevation,3
energies,3
engineers,3
enhancement,3
equator,3
equivalent,3
event,3
evolution,3
exchanges,3
expert,3
exploitation,3
extinctions,3
farmer,3
faster,3
feedback,3
feedstock,3
fertilisers,3
fiber,3
finding,3
firms,3
fishermen,3
flaring,3
flats,3
fleets,3
floor,3
flows,3
francis,3
fuzzyahp,3
g20,3
gap,3
gaps,3
gram,3
grant,3
growers,3
habitat,3
halo,3
herbicide,3
herein,3
holdout,3
home,3
hotspot,3
hour,3
htrpm,3
hue,3
humans,3
idr,3
imaging,3
importantly,3
incentive,3
indicator,3
indirectly,3
informa,3
initiative,3
innovation,3
insecurity,3
instead,3
instruments,3
intake,3
interests,3
interval,3
interventions,3
jakenan,3
journeys,3
just,3
kerosene,3
kgs,3
klt40s,3
korea,3
krebet,3
lamps,3
landfilling,3
landsat,3
landscapes,3
later,3
law,3
layer,3
legalization,3
length,3
lerp,3
lessons,3
light,3
lights,3
linkages,3
litter,3
litterfall,3
loam,3
logging,3
longrun,3
low,3
lsrs,3
lst,3
machinery,3
machines,3
makassar,3
making,3
mandates,3
markets,3
maximum,3
mechanisms,3
meetings,3
metabarcoding,3
metres,3
mha,3
mhpp,3
mhsnp,3
microalgae,3
midnorway,3
milkcowy,3
min,3
mine,3
mint,3
mlp,3
modification,3
modis,3
monocot,3
motor,3
mtco2e,3
multicriteria,3
muñoz,3
myanmar,3
n2on,3
nbr,3
nigeria,3
niño,3
nmt,3
nonco2,3
nonfossil,3
norms,3
npk,3
nutrient,3
obligations,3
obstacle,3
oceans,3
october,3
once,3
ones,3
openness,3
optimally,3
organic,3
organizations,3
otherwise,3
ownership,3
p005,3
palsar2,3
percentage,3
periods,3
periurbanization,3
permafrost,3
perspectives,3
phaseout,3
pilot,3
plasma,3
platform,3
pln,3
pm25,3
pmsg,3
po4eq,3
politics,3
pond,3
pools,3
pop,3
poverty,3
prachin,3
predictions,3
prevention,3
prior,3
procedures,3
properly,3
prospect,3
publications,3
pulp,3
rainwater,3
randomly,3
ranges,3
reaction,3
rec,3
reflection,3
relations,3
reliability,3
representation,3
reserves,3
reservoir,3
rest,3
return,3
rig,3
roles,3
route,3
salt,3
savanna,3
sbt,3
scales,3
scheme,3
scraps,3
section,3
sense,3
series,3
severity,3
shall,3
sheet,3
shift,3
ship,3
shipment,3
shortages,3
shrub,3
silt,3
similarly,3
simulations,3
sinks,3
situ,3
situations,3
sludge,3
smrs,3
sorghum,3
soybean,3
specification,3
srl,3
sst,3
steps,3
stores,3
strain,3
stress,3
structures,3
submodel,3
subsidies,3
substance,3
sulfate,3
sungai,3
supplement,3
surroundings,3
survival,3
sweden,3
syngas,3
systematically,3
taiwan,3
tariff,3
task,3
taylor,3
tcm,3
tco2eq,3
tdn,3
team,3
tha1,3
thermosteric,3
thickness,3
thing,3
tide,3
tier1,3
tiller,3
timeseries,3
timing,3
today,3
tonne,3
tonsyear,3
too,3
transpiration,3
travel,3
trunk,3
turbines,3
ultimately,3
universities,3
urgently,3
utilisation,3
version,3
voltage,3
watershed,3
wef,3
what,3
whole,3
whose,3
wildfires,3
witpress,3
women,3
wtu,3
xray,3
zinc,3
abatement,4
accordance,4
accounts,4
advantage,4
age,4
agroindustry,4
alaat,4
algorithm,4
amendment,4
arabia,4
back,4
bagasse,4
bandung,4
behind,4
beyond,4
bioeconomy,4
biofertilizer,4
biofuel,4
bod5,4
boiler,4
borehole,4
bottomup,4
boundaries,4
boundary,4
bpeo,4
budgets,4
calcium,4
capability,4
cassava,4
category,4
cfp,4
cha,4
chains,4
clew,4
co2emissions,4
co2ton,4
cocoa,4
coefficients,4
cointegration,4
committees,4
commodity,4
compaction,4
compost,4
conductance,4
consequently,4
constraints,4
contact,4
contents,4
continuously,4
corn,4
course,4
covid19,4
cradle,4
csr,4
cultivar,4
curve,4
dairy,4
dataset,4
dayak,4
dbl,4
dependence,4
direction,4
directors,4
discussions,4
dndc,4
dollars,4
downdraft,4
economics,4
edge,4
effectiveness,4
elnino,4
elsevier,4
emitters,4
enso,4
eqkg,4
establishment,4
estimate,4
eventually,4
explanation,4
exploration,4
export,4
exposure,4
feed,4
fermentation,4
fgd,4
fill,4
finance,4
fishprocessing,4
floods,4
fly,4
fractures,4
freight,4
frel,4
frequency,4
frequently,4
ganoderma,4
gate,4
gender,4
glasshouse,4
grandis,4
handling,4
haven,4
heavily,4
housing,4
humidity,4
inclusion,4
influences,4
initiatives,4
instruction,4
intensities,4
intervention,4
introduction,4
investigates,4
iran,4
isolates,4
itself,4
jambi,4
january,4
job,4
journal,4
karanganyar,4
kcalkg,4
kedaung,4
kg1,4
lampung,4
landfills,4
leachate,4
least,4
lfg,4
lifecycle,4
limits,4
lineinlineformula106spanthinspha,4
lines,4
link,4
madura,4
manufacture,4
mapping,4
march,4
marine,4
max,4
members,4
methodologies,4
millions,4
minimum,4
monitoring,4
mount,4
mtco2,4
nation,4
nearly,4
networks,4
ngaju,4
norm,4
npv,4
nue,4
nutrients,4
outcome,4
outputs,4
outside,4
ozone,4
pacific,4
pakistan,4
participation,4
particles,4
parts,4
pas,4
path,4
paths,4
pedestrian,4
phenomenon,4
photosynthesis,4
poorly,4
populations,4
portion,4
presence,4
prices,4
principles,4
profiles,4
protocol,4
provision,4
public,4
pvro,4
questionnaire,4
questionnaires,4
radiation,4
reactors,4
reasons,4
recirculation,4
records,4
regard,4
regardless,4
regime,4
relationships,4
reliance,4
republic,4
requirements,4
researchers,4
residues,4
responses,4
responsibility,4
ril,4
rmse,4
rooftop,4
routes,4
rupiah,4
sand,4
saudi,4
schemes,4
schools,4
sdg,4
season1,4
seedlingsha,4
selection,4
sensor,4
serang,4
severely,4
shrubs,4
sia,4
sink,4
sizes,4
smes,4
smr,4
sni,4
so2,4
solutions,4
space,4
spring,4
springerverlag,4
sri,4
status,4
steel,4
subdistrict,4
substrate,4
subsurface,4
successfully,4
such,4
supplies,4
swamps,4
switches,4
ten,4
theory,4
thereby,4
tier,4
trace,4
trainings,4
transformation,4
truck,4
unfortunately,4
urea,4
uses,4
usually,4
variability,4
vector,4
ways,4
why,4
yogyakarta,4
1980s,5
acacia,5
alone,5
amounts,5
andisols,5
applications,5
aspect,5
bangladesh,5
benefit,5
better,5
bintangur,5
biology,5
borneo,5
burn,5
canals,5
capitals,5
cattle,5
causal,5
center,5
ch4year,5
characterization,5
chemicals,5
clearing,5
concrete,5
confidence,5
consequence,5
consortium,5
containerization,5
core,5
corporations,5
countrys,5
creation,5
datasets,5
dea,5
decarbonization,5
default,5
desalination,5
document,5
eatlancet,5
efficiently,5
elements,5
employment,5
era,5
error,5
example,5
expression,5
externalities,5
extinction,5
facility,5
fdi,5
fishing,5
fit,5
fluids,5
foods,5
footprints,5
formation,5
frameworks,5
france,5
freshwater,5
fully,5
furnace,5
generators,5
ghge,5
gmbh,5
goods,5
google,5
harvest,5
haze,5
hotspots,5
households,5
identification,5
iii,5
image,5
incentives,5
industrialization,5
insight,5
interpretation,5
investments,5
kgco2eq,5
kuznets,5
landcover,5
laws,5
leverage,5
lidar,5
limestone,5
line,5
livelihood,5
loop,5
luc,5
map,5
maps,5
means,5
medium,5
microhydro,5
mills,5
narratives,5
neutrality,5
nickel,5
nine,5
novel,5
nusa,5
others,5
oxidation,5
oxygen,5
parameter,5
participants,5
particle,5
pati,5
peaty,5
pellita,5
percent,5
perceptions,5
perspective,5
plus,5
practice,5
precipitation,5
priorities,5
probably,5
psf,5
quantity,5
radar,5
rating,5
reactor,5
reason,5
rehabilitation,5
reporting,5
reservoirs,5
risks,5
river,5
robusta,5
room,5
rotation,5
rti,5
run,5
sba,5
scores,5
seasons,5
seedlings,5
september,5
set,5
six,5
so2eq,5
soy,5
spatially,5
spots,5
stakeholder,5
stand,5
statistics,5
stem,5
straw,5
summer,5
table,5
teak,5
tests,5
though,5
threats,5
transfer,5
transition,5
transparency,5
tropics,5
twice,5
villages,5
wetland,5
workforce,5
wpp,5
zones,5
ability,6
acceleration,6
account,6
additionally,6
aerosols,6
agency,6
aggregates,6
amendments,6
anghg,6
another,6
attempt,6
attitude,6
awareness,6
background,6
ban,6
basin,6
bay,6
block,6
burning,6
causality,6
clearly,6
co2resistant,6
cobenefits,6
communities,6
commuters,6
conference,6
contrast,6
crisis,6
crown,6
deaths,6
debris,6
decisions,6
demands,6
denialist,6
depletion,6
diagram,6
disasters,6
discharge,6
disturbance,6
engineering,6
enms,6
environments,6
enzyme,6
equations,6
equilibrium,6
ethylene,6
europe,6
experiments,6
experts,6
extremely,6
fertilization,6
flooding,6
functions,6
gene,6
goi,6
guidelines,6
gwl,6
hectares,6
images,6
increases,6
integrity,6
intensification,6
intention,6
interest,6
interviews,6
john,6
jpp,6
labor,6
lands,6
lcd,6
lighting,6
likely,6
metals,6
mineral,6
ministry,6
modelling,6
motion,6
ndcs,6
nevertheless,6
nexus,6
nutmeg,6
nutrition,6
oils,6
organization,6
panels,6
particulate,6
payback,6
peak,6
penetration,6
photovoltaic,6
plans,6
ponds,6
port,6
possibility,6
ppm,6
prediction,6
press,6
procedure,6
profile,6
profitability,6
quantification,6
relation,6
revenue,6
savings,6
sections,6
sensing,6
sensitivity,6
seven,6
shell,6
side,6
significance,6
simultaneously,6
slag,6
slightly,6
smoke,6
sons,6
specifically,6
stages,6
subsequently,6
sulfur,6
tenggara,6
testing,6
tools,6
training,6
trends,6
tuna,6
turkey,6
upon,6
usa,6
variance,6
vessel,6
village,6
weight,6
wells,6
wetlands,6
wiley,6
zone,6
abundance,7
acm,7
actors,7
agc,7
alternatives,7
america,7
american,7
balangeran,7
bali,7
baseline,7
battery,7
behaviour,7
besides,7
bunches,7
challenge,7
chicken,7
co2eqday,7
co2eyear,7
collection,7
complexity,7
composition,7
configuration,7
consumer,7
correlation,7
december,7
dependency,7
diameter,7
discussion,7
distance,7
econjournals,7
etc,7
eucalyptus,7
farm,7
ffb,7
finally,7
fisheries,7
hydrothermal,7
installation,7
instrument,7
iod,7
kernel,7
landscape,7
leaf,7
livelihoods,7
longterm,7
machine,7
mean,7
measurement,7
methanation,7
monoculture,7
moratorium,7
mortality,7
mostly,7
national,7
ndc,7
nox,7
nre,7
nze,7
opportunities,7
pathways,7
peoples,7
phase,7
philippines,7
point,7
position,7
preparation,7
primarily,7
protection,7
provinces,7
rather,7
rbd,7
recovery,7
resolution,7
salinity,7
software,7
starch,7
substantially,7
technique,7
third,7
threat,7
toll,7
trees,7
twh,7
units,7
variations,7
variety,7
weather,7
whether,7
worldwide,7
zero,7
μmol,7
absorption,8
acid,8
against,8
agroforestry,8
already,8
association,8
base,8
basel,8
bau,8
bioenergy,8
biofuels,8
bunch,8
burden,8
ciherang,8
class,8
collaboration,8
commissioners,8
concern,8
concerns,8
concessions,8
consequences,8
constitution,8
decrease,8
delay,8
does,8
down,8
earths,8
either,8
estimates,8
evs,8
expenditure,8
facilities,8
focus,8
greatly,8
ieee,8
ignition,8
imagery,8
indian,8
indices,8
insights,8
inventories,8
jurisdictions,8
lack,8
largely,8
maintenance,8
majority,8
mdpi,8
measures,8
mill,8
mineralization,8
moisture,8
msw,8
needs,8
operations,8
opportunity,8
optimization,8
papua,8
pathway,8
progress,8
projection,8
proportion,8
readiness,8
reference,8
release,8
report,8
roads,8
sago,8
sampling,8
singapore,8
situation,8
step,8
strength,8
strongly,8
sumatera,8
throughout,8
together,8
tonsday,8
trading,8
treatments,8
vent,8
venting,8
whilst,8
widely,8
anaerobic,9
annually,9
arabica,9
buildings,9
chemical,9
cities,9
component,9
connection,9
consumers,9
cooperation,9
database,9
decade,9
depth,9
directly,9
disposal,9
drilling,9
earth,9
economically,9
education,9
equipment,9
eutrophication,9
fertilizers,9
first,9
function,9
generator,9
grain,9
grdp,9
grid,9
hand,9
height,9
hence,9
implications,9
import,9
inputs,9
integration,9
laboratory,9
largescale,9
limitations,9
lowcarbon,9
lowland,9
magnitude,9
mexico,9
might,9
modeling,9
network,9
now,9
observation,9
pattern,9
patterns,9
pks,9
place,9
policymakers,9
recommendations,9
redd,9
riau,9
sample,9
second,9
sensors,9
stability,9
state,9
subsidence,9
sugarcane,9
tofu,9
tonnes,9
trend,9
vegetable,9
volume,9
who,9
accounting,10
acidification,10
approaches,10
billion,10
blocks,10
capture,10
cause,10
coals,10
cod,10
commitments,10
comparison,10
concentrations,10
consideration,10
did,10
diet,10
diets,10
digestion,10
diversification,10
estate,10
european,10
except,10
fact,10
far,10
flow,10
harvesting,10
heat,10
house,10
hypothesis,10
importance,10
improvements,10
indicators,10
investment,10
like,10
livestock,10
measurements,10
milk,10
months,10
much,10
north,10
objectives,10
observations,10
often,10
pavement,10
pollutants,10
positively,10
pressures,10
projections,10
rapidly,10
recently,10
regulations,10
respondents,10
samples,10
share,10
smallholder,10
standards,10
switzerland,10
test,10
tradeoffs,10
union,10
variable,10
vietnam,10
wind,10
accuracy,11
almost,11
audit,11
balance,11
board,11
budget,11
causes,11
committee,11
conclusion,11
decision,11
efb,11
equation,11
every,11
evidence,11
factory,11
fish,11
indonesian,11
input,11
islands,11
methodology,11
mode,11
occurrence,11
peats,11
physics,11
plastic,11
plastics,11
points,11
producer,11
reclamation,11
requirement,11
score,11
sequestration,11
service,11
smallscale,11
standard,11
sulawesi,11
surabaya,11
swampland,11
targets,11
techniques,11
tempeh,11
tree,11
varieties,11
vehicle,11
via,11
volumes,11
worlds,11
yet,11
access,12
ash,12
categories,12
co2e,12
combination,12
concept,12
despite,12
dispersal,12
drivers,12
edp,12
eight,12
end,12
existence,12
gasification,12
germany,12
governance,12
ground,12
groundwater,12
here,12
influence,12
irrigation,12
kupang,12
load,12
mass,12
outcomes,12
planning,12
planting,12
regency,12
regression,12
residue,12
respiration,12
services,12
solution,12
steam,12
success,12
toward,12
turbine,12
understanding,12
until,12
vulnerability,12
wastes,12
west,12
adaptation,13
any,13
brazil,13
canopy,13
copyright,13
days,13
decades,13
differences,13
exchange,13
feasibility,13
five,13
gasses,13
gdp,13
ghgs,13
increasingly,13
losses,13
media,13
nationally,13
need,13
operation,13
pellet,13
pellets,13
producers,13
programs,13
projects,13
review,13
russia,13
size,13
smallholders,13
stage,13
students,13
support,13
term,13
thailand,13
total,13
towards,13
trade,13
yields,13
africa,14
aim,14
australia,14
bacteria,14
before,14
business,14
canal,14
ccs,14
central,14
challenges,14
context,14
contributions,14
control,14
criteria,14
crops,14
damage,14
difference,14
diversity,14
drainage,14
future,14
generally,14
governments,14
green,14
half,14
household,14
ice,14
jakarta,14
petroleum,14
pome,14
priority,14
recycling,14
risk,14
root,14
simulation,14
soils,14
speed,14
states,14
temperatures,14
tool,14
usage,14
variation,14
whereas,14
year1,14
approximately,15
attention,15
building,15
capital,15
certification,15
contributor,15
contributors,15
currently,15
district,15
east,15
estimation,15
groups,15
gwp,15
less,15
logistics,15
manure,15
mining,15
oxide,15
potentially,15
properties,15
relatively,15
rise,15
storage,15
survey,15
times,15
uncertainty,15
university,15
above,16
average,16
benefits,16
coffee,16
combustion,16
commitment,16
crop,16
diesel,16
ecosystems,16
environmentally,16
experiment,16
goal,16
iso,16
literature,16
location,16
locations,16
manufacturing,16
nature,16
option,16
people,16
plan,16
reductions,16
rspo,16
sciences,16
values,16
below,17
biodiversity,17
density,17
engine,17
evaluation,17
even,17
events,17
inpari,17
institute,17
ispo,17
must,17
nitrogen,17
options,17
pressure,17
price,17
response,17
scale,17
science,17
security,17
south,17
sumatra,17
technologies,17
them,17
way,17
action,18
availability,18
awd,18
cpo,18
decomposition,18
effort,18
four,18
fruit,18
further,18
mix,18
moreover,18
ocean,18
output,18
paris,18
particularly,18
problems,18
range,18
rubber,18
satellite,18
united,18
urbanization,18
actions,19
after,19
article,19
calculation,19
economies,19
findings,19
globally,19
japan,19
models,19
namely,19
parameters,19
problem,19
regulation,19
resource,19
southeast,19
vehicles,19
very,19
work,19
activity,20
agreement,20
although,20
costs,20
form,20
improvement,20
infrastructure,20
knowledge,20
mainly,20
meanwhile,20
processes,20
purpose,20
rainfall,20
record,20
stakeholders,20
transport,20
capita,21
co2eq,21
extraction,21
farmers,21
income,21
intensity,21
island,21
site,21
stocks,21
terms,21
timber,21
aspects,22
group,22
index,22
india,22
ipcc,22
material,22
objective,22
panel,22
program,22
rates,22
society,22
tax,22
then,22
type,22
wastewater,22
yr1,22
distribution,23
drought,23
dynamics,23
extent,23
farms,23
highly,23
industries,23
market,23
matter,23
population,23
stock,23
ton,23
variables,23
company,24
design,24
ecosystem,24
efforts,24
fertilizer,24
fluxes,24
issue,24
levels,24
materials,24
paddy,24
province,24
relationship,24
season,24
target,24
unit,24
along,25
being,25
china,25
forestry,25
goals,25
landuse,25
road,25
sites,25
adoption,26
aquaculture,26
chain,26
flux,26
furthermore,26
methods,26
regions,26
surface,26
vegetation,26
studies,27
cement,28
disclosure,28
footprint,28
information,28
java,28
mangroves,28
structure,28
sugar,28
swamp,28
tons,28
without,28
addition,29
city,29
farming,29
lca,29
nations,29
part,29
they,29
types,29
expansion,30
productivity,30
ratio,30
scope,30
species,30
treatment,30
asia,31
atmosphere,31
community,31
conditions,31
construction,31
effects,31
inventory,31
malaysia,31
period,31
region,31
restoration,31
strategy,31
case,32
framework,32
yield,32
condition,33
cover,33
issues,33
landfill,33
order,33
practices,33
project,33
sea,33
around,34
conservation,34
when,34
wood,34
across,35
fossil,35
how,35
number,35
processing,35
thus,35
concentration,36
conversion,36
cultivation,36
economy,36
within,36
role,37
since,37
strategies,37
characteristics,38
ha1,38
kalimantan,38
mangrove,38
would,38
companies,39
should,39
air,40
among,40
fields,40
plantations,40
product,40
rate,40
utilization,40
where,40
agriculture,41
application,41
country,41
quality,41
those,41
health,42
loss,42
pollution,42
capacity,43
factor,43
field,43
had,44
world,44
amount,45
fire,45
our,45
changes,46
cost,46
fuels,46
plantation,46
plants,46
temperature,46
biogas,47
fires,47
may,47
million,47
scenarios,47
sectors,47
significantly,47
dioxide,48
methane,48
performance,48
indonesias,49
still,49
content,50
scenario,50
time,50
effect,51
products,51
contribution,52
systems,52
especially,53
years,53
approach,54
because,54
some,54
therefore,54
biodiesel,55
degradation,55
resources,55
source,55
year,55
demand,56
fuel,56
each,57
potential,57
there,57
coal,58
growth,58
implementation,59
out,59
sustainability,59
value,59
forests,60
supply,60
peatland,61
result,61
about,62
areas,63
during,63
efficiency,63
increase,64
peatlands,64
sources,64
generation,65
technology,65
two,65
mitigation,66
only,66
per,66
three,66
well,67
could,68
environment,68
life,68
policies,68
deforestation,70
transportation,70
both,71
more,71
most,71
assessment,72
cycle,72
between,73
n2o,73
over,73
policy,73
government,74
rights,74
activities,75
but,77
into,77
plant,79
biomass,80
respectively,80
due,81
warming,81
waste,81
authors,82
paper,82
food,83
process,86
while,86
publishing,88
level,89
licence,90
electricity,91
iop,92
sector,92
reduction,93
gases,96
model,96
however,98
method,101
consumption,102
industry,102
factors,103
through,105
analysis,106
impacts,106
ltd,106
management,110
their,110
area,113
will,119
been,120
system,120
peat,121
water,122
ch4,125
rice,125
countries,126
power,129
not,131
than,135
soil,137
all,141
its,146
use,149
these,150
data,152
one,152
under,154
impact,156
development,157
also,160
have,161
research,169
land,177
results,183
forest,188
can,191
change,207
climate,229
production,231
which,232
co2,238
palm,251
were,282
oil,283
has,291
emission,300
carbon,302
ghg,314
study,339
gas,371
greenhouse,382
was,395
are,407
energy,417
with,451
indonesia,460
from,608
this,629
that,677
emissions,678
for,750
and,2808
the,5030
